,id_gerente_junior,id_lead,estagio_lead,data_da_ligacao,status_da_ligacao,motivo_da_ligacao
0,JNR1001MG,USR1001,lead,1/2/2022,successful,lead_introduction
1,JNR1001MG,USR1001,lead,1/2/2022,successful,demo_schedule
2,JNR1001MG,USR1002,lead,1/3/2022,successful,lead_introduction
3,JNR1001MG,USR1002,lead,1/4/2022,successful,demo_schedule
4,JNR1001MG,USR1002,awareness,1/5/2022,successful,post_demo_followup
5,JNR1001MG,USR1002,awareness,1/6/2022,successful,followup_for_consideration
6,JNR1001MG,USR1002,consideration,1/7/2022,successful,interested_for_conversion
7,JNR1001MG,USR1002,consideration,1/7/2022,successful,followup_for_conversion
8,JNR1001MG,USR1002,consideration,1/7/2022,successful,followup_for_conversion
9,JNR1001MG,USR1002,conversion,1/7/2022,successful,successful_conversion
10,JNR1001MG,USR1003,lead,1/4/2022,unsuccessful,lead_introduction
11,JNR1001MG,USR1003,lead,1/5/2022,successful,lead_introduction
12,JNR1001MG,USR1003,lead,1/7/2022,successful,demo_schedule
13,JNR1001MG,USR1003,awareness,1/8/2022,successful,post_demo_followup
14,JNR1001MG,USR1003,awareness,1/9/2022,successful,followup_for_consideration
15,JNR1001MG,USR1004,lead,1/1/2022,successful,lead_introduction
16,JNR1001MG,USR1004,lead,1/2/2022,successful,demo_schedule
17,JNR1001MG,USR1004,awareness,1/3/2022,successful,post_demo_followup
18,JNR1001MG,USR1005,lead,1/1/2022,unsuccessful,lead_introduction
19,JNR1001MG,USR1005,lead,1/2/2022,successful,lead_introduction
20,JNR1001MG,USR1005,lead,1/3/2022,successful,demo_schedule
21,JNR1001MG,USR1005,awareness,1/4/2022,successful,post_demo_followup
22,JNR1001MG,USR1006,lead,1/10/2022,successful,lead_introduction
23,JNR1001MG,USR1006,lead,1/12/2022,successful,demo_schedule
24,JNR1001MG,USR1006,lead,1/13/2022,successful,demo_not_attended
25,JNR1001MG,USR1006,awareness,1/13/2022,successful,post_demo_followup
26,JNR1001MG,USR1007,lead,1/11/2022,successful,lead_introduction
27,JNR1001MG,USR1007,lead,1/11/2022,successful,demo_schedule
28,JNR1001MG,USR1007,awareness,1/12/2022,successful,post_demo_followup
29,JNR1001MG,USR1007,awareness,1/13/2022,successful,followup_for_consideration
30,JNR1001MG,USR1007,consideration,1/14/2022,successful,interested_for_conversion
31,JNR1001MG,USR1007,consideration,1/14/2022,successful,followup_for_conversion
32,JNR1001MG,USR1007,consideration,1/14/2022,successful,followup_for_conversion
33,JNR1001MG,USR1007,conversion,1/14/2022,successful,successful_conversion
34,JNR1001MG,USR1008,lead,1/8/2022,unsuccessful,lead_introduction
35,JNR1001MG,USR1008,lead,1/8/2022,successful,lead_introduction
36,JNR1001MG,USR1008,lead,1/8/2022,successful,demo_schedule
37,JNR1001MG,USR1008,awareness,1/8/2022,successful,post_demo_followup
38,JNR1001MG,USR1009,lead,1/8/2022,successful,lead_introduction
39,JNR1001MG,USR1009,lead,1/8/2022,successful,demo_schedule
40,JNR1001MG,USR1009,awareness,1/10/2022,successful,post_demo_followup
41,JNR1001MG,USR1010,lead,1/8/2022,unsuccessful,lead_introduction
42,JNR1001MG,USR1010,lead,1/9/2022,successful,lead_introduction
43,JNR1001MG,USR1010,lead,1/11/2022,successful,demo_schedule
44,JNR1001MG,USR1010,lead,1/14/2022,successful,demo_not_attended
45,JNR1001MG,USR1010,awareness,1/14/2022,successful,post_demo_followup
46,JNR1001MG,USR1011,lead,1/15/2022,successful,lead_introduction
47,JNR1001MG,USR1011,lead,1/16/2022,successful,demo_schedule
48,JNR1001MG,USR1011,lead,1/20/2022,unsuccessful,demo_not_attended
49,JNR1001MG,USR1011,lead,1/20/2022,successful,demo_not_attended
50,JNR1001MG,USR1011,awareness,1/20/2022,successful,post_demo_followup
51,JNR1001MG,USR1011,consideration,1/21/2022,unsuccessful,interested_for_conversion
52,JNR1001MG,USR1011,consideration,1/22/2022,successful,followup_for_conversion
53,JNR1001MG,USR1011,consideration,1/21/2022,successful,interested_for_conversion
54,JNR1001MG,USR1011,conversion,1/22/2022,successful,successful_conversion
55,JNR1001MG,USR1012,lead,1/15/2022,successful,lead_introduction
56,JNR1001MG,USR1012,lead,1/16/2022,successful,demo_schedule
57,JNR1001MG,USR1012,lead,1/17/2022,successful,demo_not_attended
58,JNR1001MG,USR1012,awareness,1/17/2022,successful,post_demo_followup
59,JNR1001MG,USR1012,consideration,1/18/2022,successful,interested_for_conversion
60,JNR1001MG,USR1012,consideration,1/19/2022,successful,followup_for_conversion
61,JNR1001MG,USR1012,consideration,1/18/2022,unsuccessful,interested_for_conversion
62,JNR1001MG,USR1012,conversion,1/19/2022,successful,successful_conversion
63,JNR1001MG,USR1013,lead,1/17/2022,unsuccessful,lead_introduction
64,JNR1001MG,USR1013,lead,1/18/2022,successful,lead_introduction
65,JNR1001MG,USR1013,lead,1/20/2022,unsuccessful,demo_schedule
66,JNR1001MG,USR1013,lead,1/18/2022,successful,demo_schedule
67,JNR1001MG,USR1013,lead,1/19/2022,successful,demo_not_attended
68,JNR1001MG,USR1013,awareness,1/19/2022,successful,post_demo_followup
69,JNR1001MG,USR1013,consideration,1/20/2022,unsuccessful,interested_for_conversion
70,JNR1001MG,USR1013,consideration,1/21/2022,successful,followup_for_conversion
71,JNR1001MG,USR1013,consideration,1/20/2022,successful,interested_for_conversion
72,JNR1001MG,USR1013,conversion,1/21/2022,successful,successful_conversion
73,JNR1001MG,USR1014,lead,1/17/2022,successful,lead_introduction
74,JNR1001MG,USR1014,lead,1/18/2022,successful,demo_schedule
75,JNR1001MG,USR1014,awareness,1/19/2022,successful,post_demo_followup
76,JNR1001MG,USR1015,lead,1/15/2022,unsuccessful,lead_introduction
77,JNR1001MG,USR1015,lead,1/16/2022,successful,lead_introduction
78,JNR1001MG,USR1015,lead,1/18/2022,successful,demo_schedule
79,JNR1001MG,USR1015,awareness,1/19/2022,successful,post_demo_followup
80,JNR1001MG,USR1015,awareness,1/20/2022,successful,followup_for_consideration
81,JNR1001MG,USR1016,lead,2/19/2022,successful,lead_introduction
82,JNR1001MG,USR1016,lead,2/19/2022,successful,demo_schedule
83,JNR1001MG,USR1016,awareness,2/21/2022,successful,post_demo_followup
84,JNR1001MG,USR1016,lead,2/21/2022,unsuccessful,demo_not_attended
85,JNR1001MG,USR1017,lead,2/19/2022,successful,lead_introduction
86,JNR1001MG,USR1017,lead,2/19/2022,successful,demo_schedule
87,JNR1001MG,USR1017,awareness,2/19/2022,successful,post_demo_followup
88,JNR1001MG,USR1017,awareness,2/20/2022,successful,followup_for_consideration
89,JNR1001MG,USR1017,consideration,2/21/2022,successful,interested_for_conversion
90,JNR1001MG,USR1017,consideration,2/21/2022,successful,followup_for_conversion
91,JNR1001MG,USR1017,consideration,2/21/2022,successful,followup_for_conversion
92,JNR1001MG,USR1017,conversion,2/21/2022,successful,successful_conversion
93,JNR1001MG,USR1018,lead,2/19/2022,unsuccessful,lead_introduction
94,JNR1001MG,USR1018,lead,2/19/2022,successful,lead_introduction
95,JNR1001MG,USR1018,lead,2/19/2022,successful,demo_schedule
96,JNR1001MG,USR1018,lead,2/22/2022,successful,demo_not_attended
97,JNR1001MG,USR1018,awareness,2/22/2022,successful,post_demo_followup
98,JNR1001MG,USR1019,lead,2/19/2022,successful,lead_introduction
99,JNR1001MG,USR1019,lead,2/21/2022,successful,demo_schedule
100,JNR1001MG,USR1019,awareness,2/21/2022,successful,post_demo_followup
101,JNR1001MG,USR1020,lead,2/19/2022,unsuccessful,lead_introduction
102,JNR1001MG,USR1020,lead,2/20/2022,successful,lead_introduction
103,JNR1001MG,USR1020,lead,2/21/2022,successful,demo_schedule
104,JNR1001MG,USR1020,awareness,2/22/2022,successful,post_demo_followup
105,JNR1002MG,USR1021,lead,1/1/2022,successful,lead_introduction
106,JNR1002MG,USR1021,lead,1/2/2022,successful,demo_schedule
107,JNR1002MG,USR1021,awareness,1/3/2022,successful,post_demo_followup
108,JNR1002MG,USR1022,lead,1/1/2022,successful,lead_introduction
109,JNR1002MG,USR1022,lead,1/3/2022,successful,demo_schedule
110,JNR1002MG,USR1022,awareness,1/7/2022,successful,post_demo_followup
111,JNR1002MG,USR1022,consideration,1/8/2022,successful,interested_for_conversion
112,JNR1002MG,USR1022,consideration,1/9/2022,successful,followup_for_conversion
113,JNR1002MG,USR1022,consideration,1/9/2022,successful,followup_for_conversion
114,JNR1002MG,USR1022,conversion,1/9/2022,successful,successful_conversion
115,JNR1002MG,USR1023,lead,1/1/2022,unsuccessful,lead_introduction
116,JNR1002MG,USR1023,lead,1/1/2022,successful,lead_introduction
117,JNR1002MG,USR1023,lead,1/1/2022,successful,demo_schedule
118,JNR1002MG,USR1023,lead,1/1/2022,successful,demo_not_attended
119,JNR1002MG,USR1023,awareness,1/1/2022,successful,post_demo_followup
120,JNR1002MG,USR1023,consideration,1/2/2022,successful,interested_for_conversion
121,JNR1002MG,USR1023,consideration,1/3/2022,successful,followup_for_conversion
122,JNR1002MG,USR1023,consideration,1/3/2022,successful,followup_for_conversion
123,JNR1002MG,USR1023,conversion,1/3/2022,successful,successful_conversion
124,JNR1002MG,USR1024,lead,1/2/2022,successful,lead_introduction
125,JNR1002MG,USR1024,lead,1/2/2022,successful,demo_schedule
126,JNR1002MG,USR1024,awareness,1/3/2022,successful,post_demo_followup
127,JNR1002MG,USR1025,lead,1/3/2022,unsuccessful,lead_introduction
128,JNR1002MG,USR1025,lead,1/4/2022,successful,lead_introduction
129,JNR1002MG,USR1025,lead,1/4/2022,successful,demo_schedule
130,JNR1002MG,USR1025,awareness,1/6/2022,successful,post_demo_followup
131,JNR1002MG,USR1025,awareness,1/7/2022,successful,followup_for_consideration
132,JNR1002MG,USR1025,consideration,1/8/2022,successful,interested_for_conversion
133,JNR1002MG,USR1025,awareness,1/7/2022,successful,followup_for_consideration
134,JNR1002MG,USR1025,consideration,1/8/2022,successful,followup_for_conversion
135,JNR1002MG,USR1025,conversion,1/8/2022,successful,successful_conversion
136,JNR1002MG,USR1026,lead,1/8/2022,successful,lead_introduction
137,JNR1002MG,USR1026,lead,1/10/2022,successful,demo_schedule
138,JNR1002MG,USR1026,awareness,1/10/2022,successful,post_demo_followup
139,JNR1002MG,USR1027,lead,1/8/2022,successful,lead_introduction
140,JNR1002MG,USR1027,lead,1/9/2022,successful,demo_schedule
141,JNR1002MG,USR1027,lead,1/10/2022,successful,demo_not_attended
142,JNR1002MG,USR1027,awareness,1/10/2022,successful,post_demo_followup
143,JNR1002MG,USR1027,consideration,1/11/2022,successful,interested_for_conversion
144,JNR1002MG,USR1027,consideration,1/12/2022,successful,followup_for_conversion
145,JNR1002MG,USR1027,consideration,1/11/2022,unsuccessful,followup_for_conversion
146,JNR1002MG,USR1027,consideration,1/12/2022,successful,followup_for_conversion
147,JNR1002MG,USR1028,lead,1/8/2022,unsuccessful,lead_introduction
148,JNR1002MG,USR1028,lead,1/8/2022,successful,lead_introduction
149,JNR1002MG,USR1028,lead,1/9/2022,successful,demo_schedule
150,JNR1002MG,USR1028,awareness,1/10/2022,successful,post_demo_followup
151,JNR1002MG,USR1029,lead,1/8/2022,successful,lead_introduction
152,JNR1002MG,USR1029,lead,1/10/2022,successful,demo_schedule
153,JNR1002MG,USR1029,awareness,1/10/2022,successful,post_demo_followup
154,JNR1002MG,USR1030,lead,1/8/2022,unsuccessful,lead_introduction
155,JNR1002MG,USR1030,lead,1/9/2022,successful,lead_introduction
156,JNR1002MG,USR1030,lead,1/10/2022,successful,demo_schedule
157,JNR1002MG,USR1030,awareness,1/11/2022,successful,post_demo_followup
158,JNR1002MG,USR1030,awareness,1/12/2022,successful,followup_for_consideration
159,JNR1002MG,USR1031,lead,1/15/2022,successful,lead_introduction
160,JNR1002MG,USR1031,lead,1/17/2022,successful,demo_schedule
161,JNR1002MG,USR1031,awareness,1/17/2022,successful,post_demo_followup
162,JNR1002MG,USR1031,awareness,1/18/2022,successful,followup_for_consideration
163,JNR1002MG,USR1031,consideration,1/19/2022,successful,interested_for_conversion
164,JNR1002MG,USR1031,consideration,1/19/2022,successful,followup_for_conversion
165,JNR1002MG,USR1031,consideration,1/19/2022,successful,followup_for_conversion
166,JNR1002MG,USR1031,conversion,1/19/2022,successful,successful_conversion
167,JNR1002MG,USR1032,lead,1/15/2022,successful,lead_introduction
168,JNR1002MG,USR1032,lead,1/15/2022,successful,demo_schedule
169,JNR1002MG,USR1032,awareness,1/16/2022,successful,post_demo_followup
170,JNR1002MG,USR1032,lead,1/16/2022,successful,demo_not_attended
171,JNR1002MG,USR1032,awareness,1/17/2022,successful,followup_for_consideration
172,JNR1002MG,USR1032,consideration,1/17/2022,successful,interested_for_conversion
173,JNR1002MG,USR1032,consideration,1/17/2022,successful,followup_for_conversion
174,JNR1002MG,USR1032,consideration,1/17/2022,successful,followup_for_conversion
175,JNR1002MG,USR1032,conversion,1/17/2022,successful,successful_conversion
176,JNR1002MG,USR1033,lead,1/17/2022,unsuccessful,lead_introduction
177,JNR1002MG,USR1033,lead,1/18/2022,successful,lead_introduction
178,JNR1002MG,USR1033,lead,1/19/2022,unsuccessful,demo_schedule
179,JNR1002MG,USR1033,lead,1/20/2022,successful,demo_schedule
180,JNR1002MG,USR1033,awareness,1/21/2022,successful,post_demo_followup
181,JNR1002MG,USR1033,awareness,1/22/2022,successful,followup_for_consideration
182,JNR1002MG,USR1033,consideration,1/22/2022,successful,interested_for_conversion
183,JNR1002MG,USR1033,consideration,1/22/2022,successful,followup_for_conversion
184,JNR1002MG,USR1033,consideration,1/22/2022,successful,followup_for_conversion
185,JNR1002MG,USR1033,conversion,1/22/2022,successful,successful_conversion
186,JNR1002MG,USR1034,lead,1/17/2022,successful,lead_introduction
187,JNR1002MG,USR1034,lead,1/17/2022,successful,demo_schedule
188,JNR1002MG,USR1034,awareness,1/19/2022,successful,post_demo_followup
189,JNR1002MG,USR1035,lead,1/15/2022,unsuccessful,lead_introduction
190,JNR1002MG,USR1035,lead,1/16/2022,successful,lead_introduction
191,JNR1002MG,USR1035,lead,1/16/2022,successful,demo_schedule
192,JNR1002MG,USR1035,awareness,1/17/2022,successful,post_demo_followup
193,JNR1002MG,USR1035,awareness,1/18/2022,successful,followup_for_consideration
194,JNR1002MG,USR1036,lead,2/19/2022,successful,lead_introduction
195,JNR1002MG,USR1036,lead,2/19/2022,successful,demo_schedule
196,JNR1002MG,USR1036,awareness,2/21/2022,successful,post_demo_followup
197,JNR1002MG,USR1036,awareness,2/21/2022,successful,post_demo_followup
198,JNR1002MG,USR1036,awareness,2/23/2022,unsuccessful,followup_for_consideration
199,JNR1002MG,USR1036,awareness,2/23/2022,successful,followup_for_consideration
200,JNR1002MG,USR1037,lead,2/19/2022,successful,lead_introduction
201,JNR1002MG,USR1037,lead,2/21/2022,successful,demo_schedule
202,JNR1002MG,USR1037,awareness,2/22/2022,successful,post_demo_followup
203,JNR1002MG,USR1037,awareness,2/23/2022,successful,followup_for_consideration
204,JNR1002MG,USR1037,awareness,2/23/2022,unsuccessful,followup_for_consideration
205,JNR1002MG,USR1037,awareness,2/23/2022,successful,followup_for_consideration
206,JNR1002MG,USR1037,awareness,2/23/2022,successful,followup_for_consideration
207,JNR1002MG,USR1037,consideration,2/24/2022,successful,interested_for_conversion
208,JNR1002MG,USR1037,consideration,2/25/2022,successful,followup_for_conversion
209,JNR1002MG,USR1037,consideration,2/25/2022,unsuccessful,followup_for_conversion
210,JNR1002MG,USR1037,conversion,2/25/2022,successful,successful_conversion
211,JNR1002MG,USR1038,lead,2/19/2022,unsuccessful,lead_introduction
212,JNR1002MG,USR1038,lead,2/19/2022,successful,lead_introduction
213,JNR1002MG,USR1038,lead,2/20/2022,successful,demo_schedule
214,JNR1002MG,USR1038,awareness,2/21/2022,successful,post_demo_followup
215,JNR1002MG,USR1038,awareness,2/22/2022,successful,followup_for_consideration
216,JNR1002MG,USR1038,awareness,2/22/2022,successful,followup_for_consideration
217,JNR1002MG,USR1038,awareness,2/22/2022,successful,followup_for_consideration
218,JNR1002MG,USR1039,lead,2/19/2022,successful,lead_introduction
219,JNR1002MG,USR1039,lead,2/20/2022,successful,demo_schedule
220,JNR1002MG,USR1039,awareness,2/21/2022,successful,post_demo_followup
221,JNR1002MG,USR1039,awareness,2/22/2022,successful,followup_for_consideration
222,JNR1002MG,USR1040,lead,2/21/2022,unsuccessful,lead_introduction
223,JNR1002MG,USR1040,lead,2/22/2022,successful,lead_introduction
224,JNR1002MG,USR1040,lead,2/24/2022,successful,demo_schedule
225,JNR1002MG,USR1040,awareness,2/25/2022,successful,post_demo_followup
226,JNR1003MG,USR1041,lead,1/1/2022,successful,lead_introduction
227,JNR1003MG,USR1041,lead,1/1/2022,successful,demo_schedule
228,JNR1003MG,USR1041,awareness,1/3/2022,successful,post_demo_followup
229,JNR1003MG,USR1041,awareness,1/4/2022,successful,followup_for_consideration
230,JNR1003MG,USR1041,awareness,1/4/2022,unsuccessful,followup_for_consideration
231,JNR1003MG,USR1041,awareness,1/4/2022,successful,followup_for_consideration
232,JNR1003MG,USR1042,lead,1/1/2022,successful,lead_introduction
233,JNR1003MG,USR1042,lead,1/1/2022,successful,demo_schedule
234,JNR1003MG,USR1042,awareness,1/1/2022,successful,post_demo_followup
235,JNR1003MG,USR1042,awareness,1/2/2022,successful,followup_for_consideration
236,JNR1003MG,USR1042,awareness,1/2/2022,unsuccessful,followup_for_consideration
237,JNR1003MG,USR1042,awareness,1/2/2022,successful,followup_for_consideration
238,JNR1003MG,USR1042,awareness,1/2/2022,successful,followup_for_consideration
239,JNR1003MG,USR1042,consideration,1/3/2022,successful,interested_for_conversion
240,JNR1003MG,USR1042,consideration,1/4/2022,unsuccessful,followup_for_conversion
241,JNR1003MG,USR1042,consideration,1/4/2022,successful,followup_for_conversion
242,JNR1003MG,USR1042,conversion,1/4/2022,successful,successful_conversion
243,JNR1003MG,USR1043,lead,1/1/2022,unsuccessful,lead_introduction
244,JNR1003MG,USR1043,lead,1/1/2022,successful,lead_introduction
245,JNR1003MG,USR1043,lead,1/1/2022,successful,demo_schedule
246,JNR1003MG,USR1043,awareness,1/1/2022,successful,post_demo_followup
247,JNR1003MG,USR1043,awareness,1/2/2022,successful,followup_for_consideration
248,JNR1003MG,USR1043,awareness,1/2/2022,successful,followup_for_consideration
249,JNR1003MG,USR1043,awareness,1/2/2022,successful,followup_for_consideration
250,JNR1003MG,USR1044,lead,1/1/2022,successful,lead_introduction
251,JNR1003MG,USR1044,lead,1/3/2022,successful,demo_schedule
252,JNR1003MG,USR1044,awareness,1/3/2022,successful,post_demo_followup
253,JNR1003MG,USR1044,awareness,1/4/2022,successful,followup_for_consideration
254,JNR1003MG,USR1045,lead,1/1/2022,unsuccessful,lead_introduction
255,JNR1003MG,USR1045,lead,1/2/2022,successful,lead_introduction
256,JNR1003MG,USR1045,lead,1/3/2022,successful,demo_schedule
257,JNR1003MG,USR1045,awareness,1/4/2022,successful,post_demo_followup
258,JNR1003MG,USR1046,lead,1/8/2022,successful,lead_introduction
259,JNR1003MG,USR1046,lead,1/8/2022,successful,demo_schedule
260,JNR1003MG,USR1046,awareness,1/10/2022,successful,post_demo_followup
261,JNR1003MG,USR1046,awareness,1/10/2022,successful,followup_for_consideration
262,JNR1003MG,USR1046,awareness,1/10/2022,unsuccessful,followup_for_consideration
263,JNR1003MG,USR1046,awareness,1/10/2022,successful,followup_for_consideration
264,JNR1003MG,USR1047,lead,1/8/2022,successful,lead_introduction
265,JNR1003MG,USR1047,lead,1/8/2022,successful,demo_schedule
266,JNR1003MG,USR1047,awareness,1/8/2022,successful,post_demo_followup
267,JNR1003MG,USR1047,awareness,1/8/2022,successful,followup_for_consideration
268,JNR1003MG,USR1047,consideration,1/8/2022,successful,interested_for_conversion
269,JNR1003MG,USR1047,consideration,1/8/2022,successful,followup_for_conversion
270,JNR1003MG,USR1047,consideration,1/8/2022,successful,followup_for_conversion
271,JNR1003MG,USR1047,conversion,1/8/2022,successful,successful_conversion
272,JNR1003MG,USR1048,lead,1/8/2022,unsuccessful,lead_introduction
273,JNR1003MG,USR1048,lead,1/8/2022,successful,lead_introduction
274,JNR1003MG,USR1048,lead,1/10/2022,successful,demo_schedule
275,JNR1003MG,USR1048,lead,1/11/2022,successful,demo_not_attended
276,JNR1003MG,USR1048,lead,1/11/2022,successful,demo_not_attended
277,JNR1003MG,USR1049,lead,1/8/2022,successful,lead_introduction
278,JNR1003MG,USR1049,lead,1/9/2022,successful,demo_schedule
279,JNR1003MG,USR1049,lead,1/10/2022,successful,demo_not_attended
280,JNR1003MG,USR1050,lead,1/8/2022,unsuccessful,lead_introduction
281,JNR1003MG,USR1050,lead,1/9/2022,successful,lead_introduction
282,JNR1003MG,USR1050,lead,1/10/2022,successful,demo_schedule
283,JNR1003MG,USR1050,lead,1/14/2022,successful,demo_not_attended
284,JNR1003MG,USR1050,lead,1/14/2022,successful,demo_not_attended
285,JNR1003MG,USR1050,lead,1/14/2022,successful,demo_not_attended
286,JNR1003MG,USR1050,awareness,1/14/2022,successful,post_demo_followup
287,JNR1003MG,USR1051,lead,1/15/2022,successful,lead_introduction
288,JNR1003MG,USR1051,lead,1/17/2022,successful,demo_schedule
289,JNR1003MG,USR1051,lead,1/20/2022,successful,demo_not_attended
290,JNR1003MG,USR1051,lead,1/20/2022,successful,demo_not_attended
291,JNR1003MG,USR1051,lead,1/20/2022,unsuccessful,demo_not_attended
292,JNR1003MG,USR1051,lead,1/20/2022,successful,demo_not_attended
293,JNR1003MG,USR1051,awareness,1/20/2022,successful,post_demo_followup
294,JNR1003MG,USR1051,consideration,1/21/2022,successful,interested_for_conversion
295,JNR1003MG,USR1051,consideration,1/22/2022,successful,followup_for_conversion
296,JNR1003MG,USR1051,consideration,1/22/2022,successful,followup_for_conversion
297,JNR1003MG,USR1051,conversion,1/22/2022,successful,successful_conversion
298,JNR1003MG,USR1052,lead,1/15/2022,successful,lead_introduction
299,JNR1003MG,USR1052,lead,1/16/2022,successful,demo_schedule
300,JNR1003MG,USR1052,lead,1/17/2022,successful,demo_not_attended
301,JNR1003MG,USR1052,lead,1/17/2022,successful,demo_not_attended
302,JNR1003MG,USR1052,awareness,1/17/2022,successful,post_demo_followup
303,JNR1003MG,USR1052,consideration,1/18/2022,successful,interested_for_conversion
304,JNR1003MG,USR1052,consideration,1/19/2022,successful,followup_for_conversion
305,JNR1003MG,USR1052,consideration,1/19/2022,successful,followup_for_conversion
306,JNR1003MG,USR1052,conversion,1/19/2022,successful,successful_conversion
307,JNR1003MG,USR1053,lead,1/17/2022,unsuccessful,lead_introduction
308,JNR1003MG,USR1053,lead,1/18/2022,successful,lead_introduction
309,JNR1003MG,USR1053,lead,1/20/2022,unsuccessful,demo_schedule
310,JNR1003MG,USR1053,lead,1/18/2022,successful,demo_schedule
311,JNR1003MG,USR1053,lead,1/19/2022,successful,demo_not_attended
312,JNR1003MG,USR1053,lead,1/19/2022,successful,demo_not_attended
313,JNR1003MG,USR1053,awareness,1/19/2022,successful,post_demo_followup
314,JNR1003MG,USR1053,consideration,1/20/2022,successful,interested_for_conversion
315,JNR1003MG,USR1053,consideration,1/21/2022,successful,followup_for_conversion
316,JNR1003MG,USR1053,consideration,1/21/2022,successful,followup_for_conversion
317,JNR1003MG,USR1053,conversion,1/21/2022,successful,successful_conversion
318,JNR1003MG,USR1054,lead,1/17/2022,successful,lead_introduction
319,JNR1003MG,USR1054,lead,1/18/2022,successful,demo_schedule
320,JNR1003MG,USR1054,lead,1/19/2022,successful,demo_not_attended
321,JNR1003MG,USR1055,lead,1/15/2022,unsuccessful,lead_introduction
322,JNR1003MG,USR1055,lead,1/16/2022,successful,lead_introduction
323,JNR1003MG,USR1055,lead,1/18/2022,successful,demo_schedule
324,JNR1003MG,USR1055,lead,1/18/2022,successful,demo_not_attended
325,JNR1003MG,USR1055,lead,1/18/2022,successful,demo_not_attended
326,JNR1003MG,USR1055,lead,1/18/2022,successful,demo_not_attended
327,JNR1003MG,USR1055,awareness,1/18/2022,successful,post_demo_followup
328,JNR1003MG,USR1056,lead,2/21/2022,successful,lead_introduction
329,JNR1003MG,USR1056,lead,2/21/2022,successful,demo_schedule
330,JNR1003MG,USR1056,lead,2/22/2022,successful,demo_not_attended
331,JNR1003MG,USR1056,lead,2/22/2022,successful,demo_not_attended
332,JNR1003MG,USR1056,lead,2/22/2022,unsuccessful,demo_not_attended
333,JNR1003MG,USR1056,lead,2/22/2022,successful,demo_not_attended
334,JNR1003MG,USR1057,lead,2/22/2022,successful,lead_introduction
335,JNR1003MG,USR1057,lead,2/22/2022,successful,demo_schedule
336,JNR1003MG,USR1057,lead,2/23/2022,successful,demo_not_attended
337,JNR1003MG,USR1057,lead,2/23/2022,successful,demo_not_attended
338,JNR1003MG,USR1057,lead,2/23/2022,unsuccessful,demo_not_attended
339,JNR1003MG,USR1057,lead,2/23/2022,successful,demo_not_attended
340,JNR1003MG,USR1057,awareness,2/23/2022,successful,post_demo_followup
341,JNR1003MG,USR1057,consideration,2/24/2022,unsuccessful,interested_for_conversion
342,JNR1003MG,USR1057,consideration,2/25/2022,unsuccessful,followup_for_conversion
343,JNR1003MG,USR1057,consideration,2/24/2022,successful,followup_for_conversion
344,JNR1003MG,USR1057,conversion,2/25/2022,successful,successful_conversion
345,JNR1003MG,USR1058,lead,2/19/2022,unsuccessful,lead_introduction
346,JNR1003MG,USR1058,lead,2/19/2022,successful,lead_introduction
347,JNR1003MG,USR1058,lead,2/19/2022,successful,demo_schedule
348,JNR1003MG,USR1058,lead,2/22/2022,successful,demo_not_attended
349,JNR1003MG,USR1058,lead,2/22/2022,successful,demo_not_attended
350,JNR1003MG,USR1058,lead,2/22/2022,successful,demo_not_attended
351,JNR1003MG,USR1058,awareness,2/22/2022,successful,post_demo_followup
352,JNR1003MG,USR1059,lead,2/19/2022,successful,lead_introduction
353,JNR1003MG,USR1059,lead,2/21/2022,successful,demo_schedule
354,JNR1003MG,USR1059,lead,2/22/2022,successful,demo_not_attended
355,JNR1003MG,USR1059,lead,2/22/2022,successful,demo_not_attended
356,JNR1003MG,USR1060,lead,2/19/2022,unsuccessful,lead_introduction
357,JNR1003MG,USR1060,lead,2/20/2022,successful,lead_introduction
358,JNR1003MG,USR1060,lead,2/21/2022,successful,demo_schedule
359,JNR1003MG,USR1060,lead,2/22/2022,successful,demo_not_attended
360,JNR1004MG,USR1061,lead,1/3/2022,successful,lead_introduction
361,JNR1004MG,USR1061,lead,1/4/2022,successful,demo_schedule
362,JNR1004MG,USR1062,lead,1/4/2022,successful,lead_introduction
363,JNR1004MG,USR1062,lead,1/6/2022,successful,demo_schedule
364,JNR1004MG,USR1062,lead,1/7/2022,successful,demo_not_attended
365,JNR1004MG,USR1062,lead,1/7/2022,successful,demo_not_attended
366,JNR1004MG,USR1062,lead,1/7/2022,unsuccessful,demo_not_attended
367,JNR1004MG,USR1062,lead,1/7/2022,successful,demo_not_attended
368,JNR1004MG,USR1062,awareness,1/7/2022,successful,post_demo_followup
369,JNR1004MG,USR1062,consideration,1/8/2022,successful,interested_for_conversion
370,JNR1004MG,USR1062,consideration,1/9/2022,successful,followup_for_conversion
371,JNR1004MG,USR1062,consideration,1/9/2022,successful,followup_for_conversion
372,JNR1004MG,USR1062,conversion,1/9/2022,successful,successful_conversion
373,JNR1004MG,USR1063,lead,1/1/2022,unsuccessful,lead_introduction
374,JNR1004MG,USR1063,lead,1/1/2022,successful,lead_introduction
375,JNR1004MG,USR1063,lead,1/1/2022,successful,demo_schedule
376,JNR1004MG,USR1063,lead,1/1/2022,successful,demo_not_attended
377,JNR1004MG,USR1063,lead,1/1/2022,successful,demo_not_attended
378,JNR1004MG,USR1063,lead,1/1/2022,successful,demo_not_attended
379,JNR1004MG,USR1063,awareness,1/1/2022,successful,post_demo_followup
380,JNR1004MG,USR1063,consideration,1/2/2022,successful,interested_for_conversion
381,JNR1004MG,USR1063,consideration,1/3/2022,unsuccessful,followup_for_conversion
382,JNR1004MG,USR1063,consideration,1/3/2022,successful,followup_for_conversion
383,JNR1004MG,USR1063,conversion,1/3/2022,successful,successful_conversion
384,JNR1004MG,USR1064,lead,1/2/2022,successful,lead_introduction
385,JNR1004MG,USR1064,lead,1/4/2022,successful,demo_schedule
386,JNR1004MG,USR1064,lead,1/5/2022,successful,demo_not_attended
387,JNR1004MG,USR1064,lead,1/5/2022,successful,demo_not_attended
388,JNR1004MG,USR1065,lead,1/3/2022,unsuccessful,lead_introduction
389,JNR1004MG,USR1065,lead,1/4/2022,successful,lead_introduction
390,JNR1004MG,USR1065,lead,1/5/2022,successful,demo_schedule
391,JNR1004MG,USR1065,lead,1/6/2022,successful,demo_not_attended
392,JNR1004MG,USR1065,awareness,1/6/2022,successful,post_demo_followup
393,JNR1004MG,USR1065,consideration,1/7/2022,unsuccessful,interested_for_conversion
394,JNR1004MG,USR1065,awareness,1/6/2022,successful,followup_for_consideration
395,JNR1004MG,USR1065,consideration,1/7/2022,successful,interested_for_conversion
396,JNR1004MG,USR1065,awareness,1/6/2022,successful,followup_for_consideration
397,JNR1004MG,USR1066,lead,1/8/2022,successful,lead_introduction
398,JNR1004MG,USR1066,lead,1/9/2022,successful,demo_schedule
399,JNR1004MG,USR1066,lead,1/10/2022,successful,demo_not_attended
400,JNR1004MG,USR1066,lead,1/10/2022,successful,demo_not_attended
401,JNR1004MG,USR1066,lead,1/10/2022,unsuccessful,demo_not_attended
402,JNR1004MG,USR1066,lead,1/10/2022,successful,demo_not_attended
403,JNR1004MG,USR1067,lead,1/8/2022,successful,lead_introduction
404,JNR1004MG,USR1067,lead,1/10/2022,successful,demo_schedule
405,JNR1004MG,USR1067,lead,1/10/2022,successful,demo_not_attended
406,JNR1004MG,USR1067,lead,1/10/2022,successful,demo_not_attended
407,JNR1004MG,USR1067,awareness,1/10/2022,successful,post_demo_followup
408,JNR1004MG,USR1067,consideration,1/11/2022,unsuccessful,interested_for_conversion
409,JNR1004MG,USR1067,consideration,1/12/2022,successful,interested_for_conversion
410,JNR1004MG,USR1067,consideration,1/11/2022,unsuccessful,interested_for_conversion
411,JNR1004MG,USR1068,lead,1/8/2022,unsuccessful,lead_introduction
412,JNR1004MG,USR1068,lead,1/8/2022,successful,lead_introduction
413,JNR1004MG,USR1068,lead,1/10/2022,successful,demo_schedule
414,JNR1004MG,USR1068,lead,1/11/2022,successful,demo_not_attended
415,JNR1004MG,USR1068,lead,1/11/2022,successful,demo_not_attended
416,JNR1004MG,USR1069,lead,1/8/2022,successful,lead_introduction
417,JNR1004MG,USR1069,lead,1/9/2022,successful,demo_schedule
418,JNR1004MG,USR1069,lead,1/10/2022,successful,demo_not_attended
419,JNR1004MG,USR1070,lead,1/8/2022,unsuccessful,lead_introduction
420,JNR1004MG,USR1070,lead,1/9/2022,successful,lead_introduction
421,JNR1004MG,USR1070,lead,1/10/2022,successful,demo_schedule
422,JNR1004MG,USR1070,lead,1/14/2022,successful,demo_not_attended
423,JNR1004MG,USR1070,lead,1/14/2022,successful,demo_not_attended
424,JNR1004MG,USR1070,lead,1/14/2022,successful,demo_not_attended
425,JNR1004MG,USR1070,awareness,1/14/2022,successful,post_demo_followup
426,JNR1004MG,USR1071,lead,1/15/2022,successful,lead_introduction
427,JNR1004MG,USR1071,lead,1/17/2022,successful,demo_schedule
428,JNR1004MG,USR1071,lead,1/20/2022,successful,demo_not_attended
429,JNR1004MG,USR1071,lead,1/20/2022,successful,demo_not_attended
430,JNR1004MG,USR1071,lead,1/20/2022,unsuccessful,demo_not_attended
431,JNR1004MG,USR1071,lead,1/20/2022,successful,demo_not_attended
432,JNR1004MG,USR1071,awareness,1/20/2022,successful,post_demo_followup
433,JNR1004MG,USR1071,consideration,1/21/2022,unsuccessful,interested_for_conversion
434,JNR1004MG,USR1071,consideration,1/22/2022,unsuccessful,interested_for_conversion
435,JNR1004MG,USR1071,consideration,1/22/2022,successful,interested_for_conversion
436,JNR1004MG,USR1072,lead,1/15/2022,successful,lead_introduction
437,JNR1004MG,USR1072,lead,1/15/2022,successful,demo_schedule
438,JNR1004MG,USR1072,lead,1/17/2022,successful,demo_not_attended
439,JNR1004MG,USR1072,lead,1/17/2022,successful,demo_not_attended
440,JNR1004MG,USR1072,awareness,1/17/2022,successful,post_demo_followup
441,JNR1004MG,USR1072,consideration,1/18/2022,unsuccessful,interested_for_conversion
442,JNR1004MG,USR1072,consideration,1/19/2022,unsuccessful,interested_for_conversion
443,JNR1004MG,USR1072,consideration,1/20/2022,successful,interested_for_conversion
444,JNR1004MG,USR1072,conversion,1/19/2022,successful,successful_conversion
445,JNR1004MG,USR1073,lead,1/17/2022,unsuccessful,lead_introduction
446,JNR1004MG,USR1073,lead,1/18/2022,successful,lead_introduction
447,JNR1004MG,USR1073,lead,1/20/2022,unsuccessful,demo_schedule
448,JNR1004MG,USR1073,lead,1/19/2022,successful,demo_schedule
449,JNR1004MG,USR1073,lead,1/19/2022,successful,demo_not_attended
450,JNR1004MG,USR1073,lead,1/19/2022,successful,demo_not_attended
451,JNR1004MG,USR1073,awareness,1/19/2022,successful,post_demo_followup
452,JNR1004MG,USR1073,consideration,1/20/2022,successful,interested_for_conversion
453,JNR1004MG,USR1073,consideration,1/21/2022,successful,followup_for_conversion
454,JNR1004MG,USR1073,consideration,1/21/2022,successful,followup_for_conversion
455,JNR1004MG,USR1073,conversion,1/21/2022,successful,successful_conversion
456,JNR1004MG,USR1074,lead,1/17/2022,successful,lead_introduction
457,JNR1004MG,USR1074,lead,1/18/2022,successful,demo_schedule
458,JNR1004MG,USR1075,lead,1/15/2022,unsuccessful,lead_introduction
459,JNR1004MG,USR1075,lead,1/16/2022,successful,lead_introduction
460,JNR1004MG,USR1075,lead,1/18/2022,successful,demo_schedule
461,JNR1004MG,USR1075,lead,1/18/2022,successful,demo_not_attended
462,JNR1004MG,USR1075,lead,1/18/2022,successful,demo_not_attended
463,JNR1004MG,USR1075,lead,1/18/2022,successful,demo_not_attended
464,JNR1004MG,USR1075,awareness,1/18/2022,successful,post_demo_followup
465,JNR1004MG,USR1076,lead,2/19/2022,successful,lead_introduction
466,JNR1004MG,USR1076,lead,2/21/2022,successful,demo_schedule
467,JNR1004MG,USR1077,lead,2/19/2022,successful,lead_introduction
468,JNR1004MG,USR1077,lead,2/20/2022,successful,demo_schedule
469,JNR1004MG,USR1077,lead,2/23/2022,successful,demo_not_attended
470,JNR1004MG,USR1077,lead,2/23/2022,successful,demo_not_attended
471,JNR1004MG,USR1077,lead,2/23/2022,unsuccessful,demo_not_attended
472,JNR1004MG,USR1077,lead,2/23/2022,successful,demo_not_attended
473,JNR1004MG,USR1077,awareness,2/23/2022,successful,post_demo_followup
474,JNR1004MG,USR1077,consideration,2/24/2022,successful,interested_for_conversion
475,JNR1004MG,USR1077,consideration,2/25/2022,unsuccessful,followup_for_conversion
476,JNR1004MG,USR1077,consideration,2/25/2022,successful,followup_for_conversion
477,JNR1004MG,USR1078,lead,2/19/2022,unsuccessful,lead_introduction
478,JNR1004MG,USR1078,lead,2/19/2022,successful,lead_introduction
479,JNR1004MG,USR1078,lead,2/20/2022,successful,demo_schedule
480,JNR1004MG,USR1078,lead,2/22/2022,successful,demo_not_attended
481,JNR1004MG,USR1078,lead,2/22/2022,successful,demo_not_attended
482,JNR1004MG,USR1078,lead,2/22/2022,successful,demo_not_attended
483,JNR1004MG,USR1078,awareness,2/22/2022,successful,post_demo_followup
484,JNR1004MG,USR1079,lead,2/19/2022,successful,lead_introduction
485,JNR1004MG,USR1079,lead,2/21/2022,successful,demo_schedule
486,JNR1004MG,USR1079,lead,2/22/2022,successful,demo_not_attended
487,JNR1004MG,USR1079,lead,2/22/2022,successful,demo_not_attended
488,JNR1004MG,USR1080,lead,2/19/2022,unsuccessful,lead_introduction
489,JNR1004MG,USR1080,lead,2/20/2022,successful,lead_introduction
490,JNR1004MG,USR1080,lead,2/20/2022,successful,demo_schedule
491,JNR1004MG,USR1080,lead,2/21/2022,successful,demo_not_attended
492,JNR1005MG,USR1081,lead,1/3/2022,successful,lead_introduction
493,JNR1005MG,USR1081,lead,1/5/2022,successful,demo_schedule
494,JNR1005MG,USR1082,lead,1/4/2022,successful,lead_introduction
495,JNR1005MG,USR1082,lead,1/5/2022,successful,demo_schedule
496,JNR1005MG,USR1082,lead,1/5/2022,successful,demo_not_attended
497,JNR1005MG,USR1082,lead,1/5/2022,successful,demo_not_attended
498,JNR1005MG,USR1082,lead,1/5/2022,unsuccessful,demo_not_attended
499,JNR1005MG,USR1082,lead,1/5/2022,successful,demo_not_attended
500,JNR1005MG,USR1082,awareness,1/5/2022,successful,post_demo_followup
501,JNR1005MG,USR1082,consideration,1/6/2022,unsuccessful,interested_for_conversion
502,JNR1005MG,USR1082,consideration,1/7/2022,successful,followup_for_conversion
503,JNR1005MG,USR1082,consideration,1/6/2022,successful,interested_for_conversion
504,JNR1005MG,USR1083,lead,1/5/2022,unsuccessful,lead_introduction
505,JNR1005MG,USR1083,lead,1/6/2022,successful,lead_introduction
506,JNR1005MG,USR1083,lead,1/7/2022,successful,demo_schedule
507,JNR1005MG,USR1083,lead,1/8/2022,successful,demo_not_attended
508,JNR1005MG,USR1083,lead,1/8/2022,successful,demo_not_attended
509,JNR1005MG,USR1083,lead,1/8/2022,successful,demo_not_attended
510,JNR1005MG,USR1083,awareness,1/8/2022,successful,post_demo_followup
511,JNR1005MG,USR1084,lead,1/1/2022,successful,lead_introduction
512,JNR1005MG,USR1084,lead,1/3/2022,successful,demo_schedule
513,JNR1005MG,USR1085,lead,1/1/2022,unsuccessful,lead_introduction
514,JNR1005MG,USR1085,lead,1/2/2022,successful,lead_introduction
515,JNR1005MG,USR1085,lead,1/4/2022,successful,demo_schedule
516,JNR1005MG,USR1085,lead,1/4/2022,successful,demo_not_attended
517,JNR1005MG,USR1086,lead,1/8/2022,successful,lead_introduction
518,JNR1005MG,USR1086,lead,1/9/2022,successful,demo_schedule
519,JNR1005MG,USR1086,lead,1/9/2022,successful,demo_not_attended
520,JNR1005MG,USR1086,lead,1/9/2022,successful,demo_not_attended
521,JNR1005MG,USR1086,lead,1/9/2022,unsuccessful,demo_not_attended
522,JNR1005MG,USR1086,lead,1/9/2022,successful,demo_not_attended
523,JNR1005MG,USR1087,lead,1/8/2022,successful,lead_introduction
524,JNR1005MG,USR1087,lead,1/9/2022,successful,demo_schedule
525,JNR1005MG,USR1087,lead,1/10/2022,successful,demo_not_attended
526,JNR1005MG,USR1087,lead,1/10/2022,successful,demo_not_attended
527,JNR1005MG,USR1087,awareness,1/10/2022,successful,post_demo_followup
528,JNR1005MG,USR1087,consideration,1/10/2022,unsuccessful,interested_for_conversion
529,JNR1005MG,USR1087,consideration,1/11/2022,successful,followup_for_conversion
530,JNR1005MG,USR1087,consideration,1/10/2022,successful,interested_for_conversion
531,JNR1005MG,USR1088,lead,1/8/2022,unsuccessful,lead_introduction
532,JNR1005MG,USR1088,lead,1/8/2022,successful,lead_introduction
533,JNR1005MG,USR1088,lead,1/10/2022,successful,demo_schedule
534,JNR1005MG,USR1088,lead,1/10/2022,successful,demo_not_attended
535,JNR1005MG,USR1088,lead,1/10/2022,successful,demo_not_attended
536,JNR1005MG,USR1089,lead,1/8/2022,successful,lead_introduction
537,JNR1005MG,USR1089,lead,1/10/2022,successful,demo_schedule
538,JNR1005MG,USR1089,lead,1/10/2022,successful,demo_not_attended
539,JNR1005MG,USR1090,lead,1/8/2022,unsuccessful,lead_introduction
540,JNR1005MG,USR1090,lead,1/9/2022,successful,lead_introduction
541,JNR1005MG,USR1090,lead,1/10/2022,successful,demo_schedule
542,JNR1005MG,USR1090,lead,1/14/2022,successful,demo_not_attended
543,JNR1005MG,USR1090,lead,1/14/2022,successful,demo_not_attended
544,JNR1005MG,USR1090,lead,1/14/2022,successful,demo_not_attended
545,JNR1005MG,USR1090,awareness,1/14/2022,successful,post_demo_followup
546,JNR1005MG,USR1091,lead,1/17/2022,successful,lead_introduction
547,JNR1005MG,USR1091,lead,1/18/2022,successful,demo_schedule
548,JNR1005MG,USR1091,lead,1/20/2022,successful,demo_not_attended
549,JNR1005MG,USR1091,lead,1/20/2022,successful,demo_not_attended
550,JNR1005MG,USR1091,lead,1/20/2022,unsuccessful,demo_not_attended
551,JNR1005MG,USR1091,lead,1/20/2022,successful,demo_not_attended
552,JNR1005MG,USR1091,awareness,1/20/2022,successful,post_demo_followup
553,JNR1005MG,USR1091,consideration,1/20/2022,successful,interested_for_conversion
554,JNR1005MG,USR1091,consideration,1/21/2022,unsuccessful,followup_for_conversion
555,JNR1005MG,USR1091,consideration,1/22/2022,successful,followup_for_conversion
556,JNR1005MG,USR1092,lead,1/18/2022,successful,lead_introduction
557,JNR1005MG,USR1092,lead,1/20/2022,successful,demo_schedule
558,JNR1005MG,USR1092,lead,1/21/2022,successful,demo_not_attended
559,JNR1005MG,USR1092,lead,1/21/2022,successful,demo_not_attended
560,JNR1005MG,USR1092,awareness,1/21/2022,successful,post_demo_followup
561,JNR1005MG,USR1092,consideration,1/21/2022,unsuccessful,interested_for_conversion
562,JNR1005MG,USR1092,consideration,1/22/2022,successful,followup_for_conversion
563,JNR1005MG,USR1092,consideration,1/21/2022,successful,interested_for_conversion
564,JNR1005MG,USR1092,conversion,1/22/2022,successful,successful_conversion
565,JNR1005MG,USR1093,lead,1/19/2022,unsuccessful,lead_introduction
566,JNR1005MG,USR1093,lead,1/20/2022,successful,lead_introduction
567,JNR1005MG,USR1093,lead,1/20/2022,unsuccessful,demo_schedule
568,JNR1005MG,USR1093,lead,1/22/2022,successful,demo_schedule
569,JNR1005MG,USR1093,lead,1/27/2022,successful,demo_not_attended
570,JNR1005MG,USR1093,awareness,1/27/2022,successful,post_demo_followup
571,JNR1005MG,USR1093,awareness,1/27/2022,successful,post_demo_followup
572,JNR1005MG,USR1093,consideration,1/27/2022,successful,interested_for_conversion
573,JNR1005MG,USR1093,consideration,1/28/2022,successful,followup_for_conversion
574,JNR1005MG,USR1093,consideration,1/29/2022,successful,followup_for_conversion
575,JNR1005MG,USR1093,conversion,1/28/2022,successful,successful_conversion
576,JNR1005MG,USR1094,lead,1/17/2022,successful,lead_introduction
577,JNR1005MG,USR1094,lead,1/18/2022,successful,demo_schedule
578,JNR1005MG,USR1094,lead,1/18/2022,successful,demo_not_attended
579,JNR1005MG,USR1095,lead,1/15/2022,unsuccessful,lead_introduction
580,JNR1005MG,USR1095,lead,1/16/2022,successful,lead_introduction
581,JNR1005MG,USR1095,lead,1/17/2022,successful,demo_schedule
582,JNR1005MG,USR1095,lead,1/18/2022,successful,demo_not_attended
583,JNR1005MG,USR1095,lead,1/18/2022,successful,demo_not_attended
584,JNR1005MG,USR1095,lead,1/18/2022,successful,demo_not_attended
585,JNR1005MG,USR1095,awareness,1/18/2022,successful,post_demo_followup
586,JNR1005MG,USR1095,awareness,1/18/2022,successful,post_demo_followup
587,JNR1005MG,USR1096,lead,2/21/2022,successful,lead_introduction
588,JNR1005MG,USR1096,lead,2/23/2022,successful,demo_schedule
589,JNR1005MG,USR1096,lead,2/23/2022,successful,demo_not_attended
590,JNR1005MG,USR1096,lead,2/23/2022,successful,demo_not_attended
591,JNR1005MG,USR1096,lead,2/23/2022,unsuccessful,demo_not_attended
592,JNR1005MG,USR1096,lead,2/23/2022,successful,demo_not_attended
593,JNR1005MG,USR1097,lead,2/22/2022,successful,lead_introduction
594,JNR1005MG,USR1097,lead,2/22/2022,successful,demo_schedule
595,JNR1005MG,USR1097,lead,2/23/2022,successful,demo_not_attended
596,JNR1005MG,USR1097,lead,2/23/2022,successful,demo_not_attended
597,JNR1005MG,USR1097,lead,2/23/2022,unsuccessful,demo_not_attended
598,JNR1005MG,USR1097,lead,2/23/2022,successful,demo_not_attended
599,JNR1005MG,USR1097,awareness,2/23/2022,successful,post_demo_followup
600,JNR1005MG,USR1097,consideration,2/23/2022,unsuccessful,interested_for_conversion
601,JNR1005MG,USR1097,consideration,2/24/2022,successful,followup_for_conversion
602,JNR1005MG,USR1097,consideration,2/23/2022,successful,interested_for_conversion
603,JNR1005MG,USR1098,lead,2/23/2022,unsuccessful,lead_introduction
604,JNR1005MG,USR1098,lead,2/24/2022,successful,lead_introduction
605,JNR1005MG,USR1098,lead,2/24/2022,successful,demo_schedule
606,JNR1005MG,USR1098,lead,2/25/2022,successful,demo_not_attended
607,JNR1005MG,USR1098,lead,2/25/2022,successful,demo_not_attended
608,JNR1005MG,USR1098,lead,2/25/2022,successful,demo_not_attended
609,JNR1005MG,USR1098,awareness,2/25/2022,successful,post_demo_followup
610,JNR1005MG,USR1099,lead,2/19/2022,successful,lead_introduction
611,JNR1005MG,USR1099,lead,2/19/2022,successful,demo_schedule
612,JNR1005MG,USR1099,lead,2/19/2022,successful,demo_not_attended
613,JNR1005MG,USR1099,lead,2/19/2022,successful,demo_not_attended
614,JNR1005MG,USR1100,lead,2/19/2022,unsuccessful,lead_introduction
615,JNR1005MG,USR1100,lead,2/20/2022,successful,lead_introduction
616,JNR1005MG,USR1100,lead,2/20/2022,successful,demo_schedule
617,JNR1005MG,USR1100,lead,2/20/2022,successful,demo_not_attended
618,JNR1006MG,USR1101,lead,1/3/2022,successful,lead_introduction
619,JNR1006MG,USR1101,lead,1/3/2022,successful,demo_schedule
620,JNR1006MG,USR1101,lead,1/3/2022,successful,demo_not_attended
621,JNR1006MG,USR1101,lead,1/3/2022,successful,demo_not_attended
622,JNR1006MG,USR1101,lead,1/3/2022,unsuccessful,demo_not_attended
623,JNR1006MG,USR1101,lead,1/3/2022,successful,demo_not_attended
624,JNR1006MG,USR1102,lead,1/4/2022,successful,lead_introduction
625,JNR1006MG,USR1102,lead,1/4/2022,successful,demo_schedule
626,JNR1006MG,USR1102,lead,1/7/2022,successful,demo_not_attended
627,JNR1006MG,USR1102,lead,1/7/2022,successful,demo_not_attended
628,JNR1006MG,USR1102,lead,1/7/2022,unsuccessful,demo_not_attended
629,JNR1006MG,USR1102,lead,1/7/2022,successful,demo_not_attended
630,JNR1006MG,USR1102,awareness,1/7/2022,successful,post_demo_followup
631,JNR1006MG,USR1102,consideration,1/7/2022,successful,interested_for_conversion
632,JNR1006MG,USR1102,consideration,1/7/2022,successful,followup_for_conversion
633,JNR1006MG,USR1102,consideration,1/7/2022,successful,followup_for_conversion
634,JNR1006MG,USR1102,conversion,1/7/2022,successful,successful_conversion
635,JNR1006MG,USR1103,lead,1/1/2022,unsuccessful,lead_introduction
636,JNR1006MG,USR1103,lead,1/1/2022,successful,lead_introduction
637,JNR1006MG,USR1103,lead,1/1/2022,successful,demo_schedule
638,JNR1006MG,USR1103,lead,1/1/2022,successful,demo_not_attended
639,JNR1006MG,USR1103,lead,1/1/2022,successful,demo_not_attended
640,JNR1006MG,USR1103,lead,1/1/2022,successful,demo_not_attended
641,JNR1006MG,USR1103,awareness,1/1/2022,successful,post_demo_followup
642,JNR1006MG,USR1103,consideration,1/1/2022,successful,interested_for_conversion
643,JNR1006MG,USR1103,consideration,1/1/2022,successful,followup_for_conversion
644,JNR1006MG,USR1103,consideration,1/1/2022,successful,followup_for_conversion
645,JNR1006MG,USR1103,conversion,1/1/2022,successful,successful_conversion
646,JNR1006MG,USR1104,lead,1/2/2022,successful,lead_introduction
647,JNR1006MG,USR1104,lead,1/2/2022,successful,demo_schedule
648,JNR1006MG,USR1104,lead,1/2/2022,successful,demo_not_attended
649,JNR1006MG,USR1104,lead,1/2/2022,successful,demo_not_attended
650,JNR1006MG,USR1105,lead,1/3/2022,unsuccessful,lead_introduction
651,JNR1006MG,USR1105,lead,1/4/2022,successful,lead_introduction
652,JNR1006MG,USR1105,lead,1/4/2022,successful,demo_schedule
653,JNR1006MG,USR1105,lead,1/6/2022,successful,demo_not_attended
654,JNR1006MG,USR1105,awareness,1/6/2022,successful,post_demo_followup
655,JNR1006MG,USR1105,consideration,1/7/2022,successful,interested_for_conversion
656,JNR1006MG,USR1105,awareness,1/6/2022,successful,followup_for_consideration
657,JNR1006MG,USR1105,consideration,1/7/2022,successful,interested_for_conversion
658,JNR1006MG,USR1105,awareness,1/6/2022,successful,followup_for_consideration
659,JNR1006MG,USR1106,lead,1/8/2022,successful,lead_introduction
660,JNR1006MG,USR1106,lead,1/8/2022,successful,demo_schedule
661,JNR1006MG,USR1106,lead,1/8/2022,successful,demo_not_attended
662,JNR1006MG,USR1106,lead,1/8/2022,successful,demo_not_attended
663,JNR1006MG,USR1106,lead,1/8/2022,unsuccessful,demo_not_attended
664,JNR1006MG,USR1106,lead,1/8/2022,successful,demo_not_attended
665,JNR1006MG,USR1107,lead,1/8/2022,successful,lead_introduction
666,JNR1006MG,USR1107,lead,1/8/2022,successful,demo_schedule
667,JNR1006MG,USR1107,lead,1/10/2022,successful,demo_not_attended
668,JNR1006MG,USR1107,lead,1/10/2022,successful,demo_not_attended
669,JNR1006MG,USR1107,awareness,1/10/2022,successful,post_demo_followup
670,JNR1006MG,USR1107,consideration,1/10/2022,unsuccessful,interested_for_conversion
671,JNR1006MG,USR1107,consideration,1/10/2022,successful,interested_for_conversion
672,JNR1006MG,USR1107,consideration,1/10/2022,successful,followup_for_conversion
673,JNR1006MG,USR1108,lead,1/8/2022,unsuccessful,lead_introduction
674,JNR1006MG,USR1108,lead,1/8/2022,successful,lead_introduction
675,JNR1006MG,USR1108,lead,1/8/2022,successful,demo_schedule
676,JNR1006MG,USR1108,lead,1/8/2022,successful,demo_not_attended
677,JNR1006MG,USR1108,lead,1/8/2022,successful,demo_not_attended
678,JNR1006MG,USR1109,lead,1/8/2022,successful,lead_introduction
679,JNR1006MG,USR1109,lead,1/8/2022,successful,demo_schedule
680,JNR1006MG,USR1109,lead,1/8/2022,successful,demo_not_attended
681,JNR1006MG,USR1110,lead,1/8/2022,unsuccessful,lead_introduction
682,JNR1006MG,USR1110,lead,1/9/2022,successful,lead_introduction
683,JNR1006MG,USR1110,lead,1/9/2022,successful,demo_schedule
684,JNR1006MG,USR1110,lead,1/14/2022,successful,demo_not_attended
685,JNR1006MG,USR1110,lead,1/14/2022,successful,demo_not_attended
686,JNR1006MG,USR1110,lead,1/14/2022,successful,demo_not_attended
687,JNR1006MG,USR1110,awareness,1/14/2022,successful,post_demo_followup
688,JNR1006MG,USR1111,lead,1/15/2022,successful,lead_introduction
689,JNR1006MG,USR1111,lead,1/15/2022,successful,demo_schedule
690,JNR1006MG,USR1111,lead,1/20/2022,successful,demo_not_attended
691,JNR1006MG,USR1111,lead,1/20/2022,successful,demo_not_attended
692,JNR1006MG,USR1111,lead,1/20/2022,unsuccessful,demo_not_attended
693,JNR1006MG,USR1111,lead,1/20/2022,successful,demo_not_attended
694,JNR1006MG,USR1111,awareness,1/20/2022,successful,post_demo_followup
695,JNR1006MG,USR1111,consideration,1/20/2022,successful,interested_for_conversion
696,JNR1006MG,USR1111,consideration,1/20/2022,successful,followup_for_conversion
697,JNR1006MG,USR1111,consideration,1/20/2022,successful,followup_for_conversion
698,JNR1006MG,USR1112,lead,1/15/2022,successful,lead_introduction
699,JNR1006MG,USR1112,lead,1/15/2022,successful,demo_schedule
700,JNR1006MG,USR1112,lead,1/17/2022,successful,demo_not_attended
701,JNR1006MG,USR1112,lead,1/17/2022,successful,demo_not_attended
702,JNR1006MG,USR1112,awareness,1/17/2022,successful,post_demo_followup
703,JNR1006MG,USR1112,consideration,1/17/2022,successful,interested_for_conversion
704,JNR1006MG,USR1112,consideration,1/17/2022,successful,followup_for_conversion
705,JNR1006MG,USR1112,consideration,1/17/2022,successful,followup_for_conversion
706,JNR1006MG,USR1112,conversion,1/17/2022,successful,successful_conversion
707,JNR1006MG,USR1113,lead,1/17/2022,unsuccessful,lead_introduction
708,JNR1006MG,USR1113,lead,1/18/2022,successful,lead_introduction
709,JNR1006MG,USR1113,lead,1/20/2022,unsuccessful,demo_schedule
710,JNR1006MG,USR1113,lead,1/19/2022,successful,demo_schedule
711,JNR1006MG,USR1113,lead,1/19/2022,successful,demo_not_attended
712,JNR1006MG,USR1113,lead,1/19/2022,successful,demo_not_attended
713,JNR1006MG,USR1113,awareness,1/19/2022,successful,post_demo_followup
714,JNR1006MG,USR1113,consideration,1/19/2022,successful,interested_for_conversion
715,JNR1006MG,USR1113,consideration,1/19/2022,unsuccessful,followup_for_conversion
716,JNR1006MG,USR1113,consideration,1/19/2022,successful,followup_for_conversion
717,JNR1006MG,USR1113,conversion,1/19/2022,successful,successful_conversion
718,JNR1006MG,USR1114,lead,1/17/2022,successful,lead_introduction
719,JNR1006MG,USR1114,lead,1/18/2022,successful,demo_schedule
720,JNR1006MG,USR1114,lead,1/18/2022,successful,demo_not_attended
721,JNR1006MG,USR1115,lead,1/15/2022,unsuccessful,lead_introduction
722,JNR1006MG,USR1115,lead,1/16/2022,successful,lead_introduction
723,JNR1006MG,USR1115,lead,1/18/2022,successful,demo_schedule
724,JNR1006MG,USR1115,lead,1/18/2022,successful,demo_not_attended
725,JNR1006MG,USR1115,lead,1/18/2022,successful,demo_not_attended
726,JNR1006MG,USR1115,lead,1/18/2022,successful,demo_not_attended
727,JNR1006MG,USR1115,awareness,1/18/2022,successful,post_demo_followup
728,JNR1006MG,USR1117,lead,2/19/2022,successful,lead_introduction
729,JNR1006MG,USR1117,lead,2/21/2022,successful,demo_schedule
730,JNR1006MG,USR1117,lead,2/23/2022,successful,demo_not_attended
731,JNR1006MG,USR1117,lead,2/23/2022,successful,demo_not_attended
732,JNR1006MG,USR1117,lead,2/23/2022,unsuccessful,demo_not_attended
733,JNR1006MG,USR1117,lead,2/23/2022,successful,demo_not_attended
734,JNR1006MG,USR1117,awareness,2/23/2022,successful,post_demo_followup
735,JNR1006MG,USR1117,consideration,2/23/2022,successful,interested_for_conversion
736,JNR1006MG,USR1117,consideration,2/23/2022,unsuccessful,followup_for_conversion
737,JNR1006MG,USR1117,consideration,2/23/2022,successful,followup_for_conversion
738,JNR1006MG,USR1118,lead,2/19/2022,unsuccessful,lead_introduction
739,JNR1006MG,USR1118,lead,2/19/2022,successful,lead_introduction
740,JNR1006MG,USR1118,lead,2/20/2022,successful,demo_schedule
741,JNR1006MG,USR1118,lead,2/22/2022,successful,demo_not_attended
742,JNR1006MG,USR1118,lead,2/22/2022,successful,demo_not_attended
743,JNR1006MG,USR1118,lead,2/22/2022,successful,demo_not_attended
744,JNR1006MG,USR1118,awareness,2/22/2022,successful,post_demo_followup
745,JNR1006MG,USR1119,lead,2/19/2022,successful,lead_introduction
746,JNR1006MG,USR1119,lead,2/20/2022,successful,demo_schedule
747,JNR1006MG,USR1119,lead,2/20/2022,successful,demo_not_attended
748,JNR1006MG,USR1119,lead,2/20/2022,successful,demo_not_attended
749,JNR1006MG,USR1120,lead,2/19/2022,unsuccessful,lead_introduction
750,JNR1006MG,USR1120,lead,2/20/2022,successful,lead_introduction
751,JNR1006MG,USR1120,lead,2/22/2022,successful,demo_schedule
752,JNR1006MG,USR1120,lead,2/22/2022,successful,demo_not_attended
753,JNR1007MG,USR1121,lead,1/1/2022,successful,lead_introduction
754,JNR1007MG,USR1121,lead,1/1/2022,successful,demo_schedule
755,JNR1007MG,USR1121,lead,1/1/2022,successful,demo_not_attended
756,JNR1007MG,USR1121,lead,1/1/2022,successful,demo_not_attended
757,JNR1007MG,USR1121,lead,1/1/2022,unsuccessful,demo_not_attended
758,JNR1007MG,USR1121,lead,1/1/2022,successful,demo_not_attended
759,JNR1007MG,USR1122,lead,1/1/2022,successful,lead_introduction
760,JNR1007MG,USR1122,lead,1/3/2022,successful,demo_schedule
761,JNR1007MG,USR1122,lead,1/5/2022,successful,demo_not_attended
762,JNR1007MG,USR1122,lead,1/5/2022,successful,demo_not_attended
763,JNR1007MG,USR1122,lead,1/5/2022,unsuccessful,demo_not_attended
764,JNR1007MG,USR1122,lead,1/5/2022,successful,demo_not_attended
765,JNR1007MG,USR1122,awareness,1/5/2022,successful,post_demo_followup
766,JNR1007MG,USR1122,consideration,1/5/2022,successful,interested_for_conversion
767,JNR1007MG,USR1122,consideration,1/5/2022,successful,followup_for_conversion
768,JNR1007MG,USR1122,consideration,1/5/2022,successful,followup_for_conversion
769,JNR1007MG,USR1123,lead,1/1/2022,unsuccessful,lead_introduction
770,JNR1007MG,USR1123,lead,1/1/2022,successful,lead_introduction
771,JNR1007MG,USR1123,lead,1/2/2022,successful,demo_schedule
772,JNR1007MG,USR1123,lead,1/5/2022,successful,demo_not_attended
773,JNR1007MG,USR1123,lead,1/5/2022,successful,demo_not_attended
774,JNR1007MG,USR1123,lead,1/5/2022,successful,demo_not_attended
775,JNR1007MG,USR1123,awareness,1/5/2022,successful,post_demo_followup
776,JNR1007MG,USR1124,lead,1/1/2022,successful,lead_introduction
777,JNR1007MG,USR1124,lead,1/2/2022,successful,demo_schedule
778,JNR1007MG,USR1124,lead,1/2/2022,unsuccessful,demo_not_attended
779,JNR1007MG,USR1124,lead,1/3/2022,successful,demo_not_attended
780,JNR1007MG,USR1125,lead,1/1/2022,unsuccessful,lead_introduction
781,JNR1007MG,USR1125,lead,1/2/2022,successful,lead_introduction
782,JNR1007MG,USR1125,lead,1/4/2022,successful,demo_schedule
783,JNR1007MG,USR1125,lead,1/5/2022,successful,demo_not_attended
784,JNR1007MG,USR1126,lead,1/10/2022,successful,lead_introduction
785,JNR1007MG,USR1126,lead,1/12/2022,successful,demo_schedule
786,JNR1007MG,USR1126,lead,1/13/2022,successful,demo_not_attended
787,JNR1007MG,USR1126,lead,1/13/2022,successful,demo_not_attended
788,JNR1007MG,USR1126,lead,1/13/2022,unsuccessful,demo_not_attended
789,JNR1007MG,USR1126,lead,1/13/2022,successful,demo_not_attended
790,JNR1007MG,USR1127,lead,1/11/2022,successful,lead_introduction
791,JNR1007MG,USR1127,lead,1/12/2022,successful,demo_schedule
792,JNR1007MG,USR1127,lead,1/13/2022,successful,demo_not_attended
793,JNR1007MG,USR1127,lead,1/13/2022,successful,demo_not_attended
794,JNR1007MG,USR1127,awareness,1/13/2022,successful,post_demo_followup
795,JNR1007MG,USR1127,consideration,1/13/2022,successful,interested_for_conversion
796,JNR1007MG,USR1127,consideration,1/13/2022,successful,followup_for_conversion
797,JNR1007MG,USR1127,consideration,1/13/2022,successful,followup_for_conversion
798,JNR1007MG,USR1128,lead,1/12/2022,unsuccessful,lead_introduction
799,JNR1007MG,USR1128,lead,1/13/2022,successful,lead_introduction
800,JNR1007MG,USR1128,lead,1/14/2022,successful,demo_schedule
801,JNR1007MG,USR1128,lead,1/15/2022,successful,demo_not_attended
802,JNR1007MG,USR1128,lead,1/15/2022,successful,demo_not_attended
803,JNR1007MG,USR1129,lead,1/14/2022,successful,lead_introduction
804,JNR1007MG,USR1129,lead,1/16/2022,successful,demo_schedule
805,JNR1007MG,USR1129,lead,1/17/2022,successful,demo_not_attended
806,JNR1007MG,USR1130,lead,1/15/2022,unsuccessful,lead_introduction
807,JNR1007MG,USR1130,lead,1/16/2022,successful,lead_introduction
808,JNR1007MG,USR1130,lead,1/18/2022,successful,demo_schedule
809,JNR1007MG,USR1130,lead,1/19/2022,successful,demo_not_attended
810,JNR1007MG,USR1130,lead,1/19/2022,successful,demo_not_attended
811,JNR1007MG,USR1130,lead,1/19/2022,successful,demo_not_attended
812,JNR1007MG,USR1130,awareness,1/19/2022,successful,post_demo_followup
813,JNR1007MG,USR1131,lead,1/15/2022,successful,lead_introduction
814,JNR1007MG,USR1131,lead,1/16/2022,successful,demo_schedule
815,JNR1007MG,USR1131,lead,1/20/2022,successful,demo_not_attended
816,JNR1007MG,USR1131,lead,1/20/2022,successful,demo_not_attended
817,JNR1007MG,USR1131,lead,1/20/2022,unsuccessful,demo_not_attended
818,JNR1007MG,USR1131,lead,1/20/2022,successful,demo_not_attended
819,JNR1007MG,USR1131,awareness,1/20/2022,successful,post_demo_followup
820,JNR1007MG,USR1131,consideration,1/20/2022,successful,interested_for_conversion
821,JNR1007MG,USR1131,consideration,1/20/2022,successful,followup_for_conversion
822,JNR1007MG,USR1131,consideration,1/20/2022,successful,followup_for_conversion
823,JNR1007MG,USR1132,lead,1/15/2022,successful,lead_introduction
824,JNR1007MG,USR1132,lead,1/16/2022,successful,demo_schedule
825,JNR1007MG,USR1132,lead,1/17/2022,successful,demo_not_attended
826,JNR1007MG,USR1132,lead,1/17/2022,successful,demo_not_attended
827,JNR1007MG,USR1132,awareness,1/17/2022,successful,post_demo_followup
828,JNR1007MG,USR1132,consideration,1/17/2022,successful,interested_for_conversion
829,JNR1007MG,USR1132,consideration,1/17/2022,successful,followup_for_conversion
830,JNR1007MG,USR1132,consideration,1/17/2022,successful,followup_for_conversion
831,JNR1007MG,USR1132,conversion,1/17/2022,successful,successful_conversion
832,JNR1007MG,USR1133,lead,1/17/2022,unsuccessful,lead_introduction
833,JNR1007MG,USR1133,lead,1/18/2022,successful,lead_introduction
834,JNR1007MG,USR1133,lead,1/20/2022,unsuccessful,demo_schedule
835,JNR1007MG,USR1133,lead,1/18/2022,successful,demo_schedule
836,JNR1007MG,USR1133,lead,1/19/2022,successful,demo_not_attended
837,JNR1007MG,USR1133,lead,1/19/2022,successful,demo_not_attended
838,JNR1007MG,USR1133,awareness,1/19/2022,successful,post_demo_followup
839,JNR1007MG,USR1133,consideration,1/19/2022,successful,interested_for_conversion
840,JNR1007MG,USR1133,consideration,1/19/2022,successful,followup_for_conversion
841,JNR1007MG,USR1133,consideration,1/19/2022,successful,followup_for_conversion
842,JNR1007MG,USR1133,conversion,1/19/2022,successful,successful_conversion
843,JNR1007MG,USR1134,lead,1/17/2022,successful,lead_introduction
844,JNR1007MG,USR1134,lead,1/19/2022,successful,demo_schedule
845,JNR1007MG,USR1134,lead,1/20/2022,successful,demo_not_attended
846,JNR1007MG,USR1135,lead,1/15/2022,unsuccessful,lead_introduction
847,JNR1007MG,USR1135,lead,1/16/2022,successful,lead_introduction
848,JNR1007MG,USR1135,lead,1/17/2022,successful,demo_schedule
849,JNR1007MG,USR1135,lead,1/18/2022,successful,demo_not_attended
850,JNR1007MG,USR1135,lead,1/18/2022,successful,demo_not_attended
851,JNR1007MG,USR1135,lead,1/18/2022,successful,demo_not_attended
852,JNR1007MG,USR1135,awareness,1/18/2022,successful,post_demo_followup
853,JNR1007MG,USR1136,lead,2/19/2022,successful,lead_introduction
854,JNR1007MG,USR1136,lead,2/20/2022,successful,demo_schedule
855,JNR1007MG,USR1136,lead,2/21/2022,successful,demo_not_attended
856,JNR1007MG,USR1136,lead,2/21/2022,successful,demo_not_attended
857,JNR1007MG,USR1136,lead,2/21/2022,unsuccessful,demo_not_attended
858,JNR1007MG,USR1136,lead,2/21/2022,successful,demo_not_attended
859,JNR1007MG,USR1137,lead,2/19/2022,successful,lead_introduction
860,JNR1007MG,USR1137,lead,2/21/2022,successful,demo_schedule
861,JNR1007MG,USR1137,lead,2/23/2022,successful,demo_not_attended
862,JNR1007MG,USR1137,lead,2/23/2022,successful,demo_not_attended
863,JNR1007MG,USR1137,lead,2/23/2022,unsuccessful,demo_not_attended
864,JNR1007MG,USR1137,lead,2/23/2022,successful,demo_not_attended
865,JNR1007MG,USR1137,awareness,2/23/2022,successful,post_demo_followup
866,JNR1007MG,USR1137,consideration,2/23/2022,successful,interested_for_conversion
867,JNR1007MG,USR1137,consideration,2/23/2022,successful,followup_for_conversion
868,JNR1007MG,USR1137,consideration,2/23/2022,successful,followup_for_conversion
869,JNR1007MG,USR1138,lead,2/19/2022,unsuccessful,lead_introduction
870,JNR1007MG,USR1138,lead,2/19/2022,successful,lead_introduction
871,JNR1007MG,USR1138,lead,2/19/2022,successful,demo_schedule
872,JNR1007MG,USR1138,lead,2/22/2022,successful,demo_not_attended
873,JNR1007MG,USR1138,lead,2/22/2022,successful,demo_not_attended
874,JNR1007MG,USR1138,lead,2/22/2022,successful,demo_not_attended
875,JNR1007MG,USR1138,awareness,2/22/2022,successful,post_demo_followup
876,JNR1007MG,USR1139,lead,2/19/2022,successful,lead_introduction
877,JNR1007MG,USR1139,lead,2/19/2022,successful,demo_schedule
878,JNR1007MG,USR1139,lead,2/20/2022,successful,demo_not_attended
879,JNR1007MG,USR1139,lead,2/20/2022,successful,demo_not_attended
880,JNR1007MG,USR1140,lead,2/19/2022,unsuccessful,lead_introduction
881,JNR1007MG,USR1140,lead,2/20/2022,successful,lead_introduction
882,JNR1007MG,USR1140,lead,2/20/2022,successful,demo_schedule
883,JNR1007MG,USR1140,lead,2/21/2022,successful,demo_not_attended
884,JNR1008MG,USR1141,lead,1/1/2022,successful,lead_introduction
885,JNR1008MG,USR1141,lead,1/1/2022,successful,demo_schedule
886,JNR1008MG,USR1141,lead,1/2/2022,successful,demo_not_attended
887,JNR1008MG,USR1141,lead,1/2/2022,successful,demo_not_attended
888,JNR1008MG,USR1141,lead,1/2/2022,unsuccessful,demo_not_attended
889,JNR1008MG,USR1141,lead,1/2/2022,successful,demo_not_attended
890,JNR1008MG,USR1142,lead,1/1/2022,successful,lead_introduction
891,JNR1008MG,USR1142,lead,1/1/2022,successful,demo_schedule
892,JNR1008MG,USR1142,lead,1/7/2022,successful,demo_not_attended
893,JNR1008MG,USR1142,lead,1/7/2022,successful,demo_not_attended
894,JNR1008MG,USR1142,lead,1/7/2022,unsuccessful,demo_not_attended
895,JNR1008MG,USR1142,lead,1/7/2022,successful,demo_not_attended
896,JNR1008MG,USR1142,awareness,1/7/2022,successful,post_demo_followup
897,JNR1008MG,USR1142,consideration,1/7/2022,successful,interested_for_conversion
898,JNR1008MG,USR1142,consideration,1/7/2022,unsuccessful,followup_for_conversion
899,JNR1008MG,USR1142,consideration,1/7/2022,successful,followup_for_conversion
900,JNR1008MG,USR1142,conversion,1/7/2022,successful,successful_conversion
901,JNR1008MG,USR1143,lead,1/1/2022,unsuccessful,lead_introduction
902,JNR1008MG,USR1143,lead,1/1/2022,successful,lead_introduction
903,JNR1008MG,USR1143,lead,1/1/2022,successful,demo_schedule
904,JNR1008MG,USR1143,lead,1/1/2022,successful,demo_not_attended
905,JNR1008MG,USR1143,lead,1/1/2022,successful,demo_not_attended
906,JNR1008MG,USR1143,lead,1/1/2022,successful,demo_not_attended
907,JNR1008MG,USR1143,awareness,1/1/2022,successful,post_demo_followup
908,JNR1008MG,USR1143,consideration,1/1/2022,successful,interested_for_conversion
909,JNR1008MG,USR1143,consideration,1/1/2022,successful,followup_for_conversion
910,JNR1008MG,USR1143,consideration,1/1/2022,successful,followup_for_conversion
911,JNR1008MG,USR1143,conversion,1/1/2022,successful,successful_conversion
912,JNR1008MG,USR1144,lead,1/2/2022,successful,lead_introduction
913,JNR1008MG,USR1144,lead,1/2/2022,successful,demo_schedule
914,JNR1008MG,USR1144,lead,1/3/2022,successful,demo_not_attended
915,JNR1008MG,USR1144,lead,1/3/2022,successful,demo_not_attended
916,JNR1008MG,USR1145,lead,1/3/2022,unsuccessful,lead_introduction
917,JNR1008MG,USR1145,lead,1/4/2022,successful,lead_introduction
918,JNR1008MG,USR1145,lead,1/4/2022,successful,demo_schedule
919,JNR1008MG,USR1145,lead,1/6/2022,successful,demo_not_attended
920,JNR1008MG,USR1145,awareness,1/6/2022,successful,post_demo_followup
921,JNR1008MG,USR1145,consideration,1/6/2022,successful,interested_for_conversion
922,JNR1008MG,USR1145,awareness,1/6/2022,successful,followup_for_consideration
923,JNR1008MG,USR1145,consideration,1/6/2022,successful,interested_for_conversion
924,JNR1008MG,USR1145,awareness,1/6/2022,successful,followup_for_consideration
925,JNR1008MG,USR1146,lead,1/8/2022,successful,lead_introduction
926,JNR1008MG,USR1146,lead,1/8/2022,successful,demo_schedule
927,JNR1008MG,USR1146,lead,1/9/2022,successful,demo_not_attended
928,JNR1008MG,USR1146,lead,1/9/2022,successful,demo_not_attended
929,JNR1008MG,USR1146,lead,1/9/2022,unsuccessful,demo_not_attended
930,JNR1008MG,USR1146,lead,1/9/2022,successful,demo_not_attended
931,JNR1008MG,USR1147,lead,1/8/2022,successful,lead_introduction
932,JNR1008MG,USR1147,lead,1/8/2022,successful,demo_schedule
933,JNR1008MG,USR1147,lead,1/10/2022,successful,demo_not_attended
934,JNR1008MG,USR1147,lead,1/10/2022,successful,demo_not_attended
935,JNR1008MG,USR1147,awareness,1/10/2022,successful,post_demo_followup
936,JNR1008MG,USR1147,consideration,1/10/2022,successful,interested_for_conversion
937,JNR1008MG,USR1147,consideration,1/10/2022,unsuccessful,followup_for_conversion
938,JNR1008MG,USR1147,consideration,1/10/2022,successful,followup_for_conversion
939,JNR1008MG,USR1148,lead,1/8/2022,unsuccessful,lead_introduction
940,JNR1008MG,USR1148,lead,1/8/2022,successful,lead_introduction
941,JNR1008MG,USR1148,lead,1/8/2022,successful,demo_schedule
942,JNR1008MG,USR1148,lead,1/8/2022,successful,demo_not_attended
943,JNR1008MG,USR1148,lead,1/8/2022,successful,demo_not_attended
944,JNR1008MG,USR1149,lead,1/8/2022,successful,lead_introduction
945,JNR1008MG,USR1149,lead,1/8/2022,successful,demo_schedule
946,JNR1008MG,USR1149,lead,1/8/2022,successful,demo_not_attended
947,JNR1008MG,USR1150,lead,1/8/2022,unsuccessful,lead_introduction
948,JNR1008MG,USR1150,lead,1/9/2022,successful,lead_introduction
949,JNR1008MG,USR1150,lead,1/9/2022,successful,demo_schedule
950,JNR1008MG,USR1150,lead,1/14/2022,successful,demo_not_attended
951,JNR1008MG,USR1150,lead,1/14/2022,successful,demo_not_attended
952,JNR1008MG,USR1150,lead,1/14/2022,successful,demo_not_attended
953,JNR1008MG,USR1150,awareness,1/14/2022,successful,post_demo_followup
954,JNR1008MG,USR1151,lead,1/15/2022,successful,lead_introduction
955,JNR1008MG,USR1151,lead,1/17/2022,successful,demo_schedule
956,JNR1008MG,USR1151,lead,1/20/2022,successful,demo_not_attended
957,JNR1008MG,USR1151,lead,1/20/2022,successful,demo_not_attended
958,JNR1008MG,USR1151,lead,1/20/2022,unsuccessful,demo_not_attended
959,JNR1008MG,USR1151,lead,1/20/2022,successful,demo_not_attended
960,JNR1008MG,USR1151,awareness,1/20/2022,successful,post_demo_followup
961,JNR1008MG,USR1151,consideration,1/20/2022,successful,interested_for_conversion
962,JNR1008MG,USR1151,consideration,1/20/2022,successful,followup_for_conversion
963,JNR1008MG,USR1151,consideration,1/20/2022,successful,followup_for_conversion
964,JNR1008MG,USR1152,lead,1/15/2022,successful,lead_introduction
965,JNR1008MG,USR1152,lead,1/16/2022,successful,demo_schedule
966,JNR1008MG,USR1152,lead,1/17/2022,successful,demo_not_attended
967,JNR1008MG,USR1152,lead,1/17/2022,successful,demo_not_attended
968,JNR1008MG,USR1152,awareness,1/17/2022,successful,post_demo_followup
969,JNR1008MG,USR1152,consideration,1/17/2022,successful,interested_for_conversion
970,JNR1008MG,USR1152,consideration,1/17/2022,unsuccessful,followup_for_conversion
971,JNR1008MG,USR1152,consideration,1/17/2022,successful,followup_for_conversion
972,JNR1008MG,USR1152,conversion,1/17/2022,successful,successful_conversion
973,JNR1008MG,USR1153,lead,1/17/2022,unsuccessful,lead_introduction
974,JNR1008MG,USR1153,lead,1/18/2022,successful,lead_introduction
975,JNR1008MG,USR1153,lead,1/19/2022,unsuccessful,demo_schedule
976,JNR1008MG,USR1153,lead,1/20/2022,successful,demo_schedule
977,JNR1008MG,USR1153,lead,1/21/2022,successful,demo_not_attended
978,JNR1008MG,USR1153,lead,1/21/2022,successful,demo_not_attended
979,JNR1008MG,USR1153,awareness,1/21/2022,successful,post_demo_followup
980,JNR1008MG,USR1153,consideration,1/21/2022,successful,interested_for_conversion
981,JNR1008MG,USR1153,consideration,1/21/2022,successful,followup_for_conversion
982,JNR1008MG,USR1153,consideration,1/21/2022,successful,followup_for_conversion
983,JNR1008MG,USR1153,conversion,1/21/2022,successful,successful_conversion
984,JNR1008MG,USR1154,lead,1/17/2022,successful,lead_introduction
985,JNR1008MG,USR1154,lead,1/19/2022,successful,demo_schedule
986,JNR1008MG,USR1154,lead,1/19/2022,successful,demo_not_attended
987,JNR1008MG,USR1155,lead,1/15/2022,unsuccessful,lead_introduction
988,JNR1008MG,USR1155,lead,1/16/2022,successful,lead_introduction
989,JNR1008MG,USR1155,lead,1/17/2022,successful,demo_schedule
990,JNR1008MG,USR1155,lead,1/18/2022,successful,demo_not_attended
991,JNR1008MG,USR1155,lead,1/18/2022,successful,demo_not_attended
992,JNR1008MG,USR1155,lead,1/18/2022,successful,demo_not_attended
993,JNR1008MG,USR1155,awareness,1/18/2022,successful,post_demo_followup
994,JNR1008MG,USR1156,lead,2/19/2022,successful,lead_introduction
995,JNR1008MG,USR1156,lead,2/20/2022,successful,demo_schedule
996,JNR1008MG,USR1156,lead,2/20/2022,successful,demo_not_attended
997,JNR1008MG,USR1156,lead,2/20/2022,successful,demo_not_attended
998,JNR1008MG,USR1156,lead,2/20/2022,unsuccessful,demo_not_attended
999,JNR1008MG,USR1156,lead,2/20/2022,successful,demo_not_attended
1000,JNR1008MG,USR1157,lead,2/19/2022,successful,lead_introduction
1001,JNR1008MG,USR1157,lead,2/21/2022,successful,demo_schedule
1002,JNR1008MG,USR1157,lead,2/23/2022,successful,demo_not_attended
1003,JNR1008MG,USR1157,lead,2/23/2022,successful,demo_not_attended
1004,JNR1008MG,USR1157,lead,2/23/2022,unsuccessful,demo_not_attended
1005,JNR1008MG,USR1157,lead,2/23/2022,successful,demo_not_attended
1006,JNR1008MG,USR1157,awareness,2/23/2022,successful,post_demo_followup
1007,JNR1008MG,USR1157,consideration,2/23/2022,successful,interested_for_conversion
1008,JNR1008MG,USR1157,consideration,2/23/2022,unsuccessful,interested_for_conversion
1009,JNR1008MG,USR1157,consideration,2/23/2022,successful,followup_for_conversion
1010,JNR1008MG,USR1158,lead,2/19/2022,unsuccessful,lead_introduction
1011,JNR1008MG,USR1158,lead,2/19/2022,successful,lead_introduction
1012,JNR1008MG,USR1158,lead,2/19/2022,successful,demo_schedule
1013,JNR1008MG,USR1158,lead,2/22/2022,successful,demo_not_attended
1014,JNR1008MG,USR1158,lead,2/22/2022,successful,demo_not_attended
1015,JNR1008MG,USR1158,lead,2/22/2022,successful,demo_not_attended
1016,JNR1008MG,USR1158,awareness,2/22/2022,successful,post_demo_followup
1017,JNR1008MG,USR1159,lead,2/19/2022,successful,lead_introduction
1018,JNR1008MG,USR1159,lead,2/21/2022,successful,demo_schedule
1019,JNR1008MG,USR1159,lead,2/21/2022,successful,demo_not_attended
1020,JNR1008MG,USR1159,lead,2/21/2022,successful,demo_not_attended
1021,JNR1008MG,USR1160,lead,2/19/2022,unsuccessful,lead_introduction
1022,JNR1008MG,USR1160,lead,2/20/2022,successful,lead_introduction
1023,JNR1008MG,USR1160,lead,2/21/2022,successful,demo_schedule
1024,JNR1008MG,USR1160,lead,2/21/2022,successful,demo_not_attended
1025,JNR1009MG,USR1161,lead,1/3/2022,successful,lead_introduction
1026,JNR1009MG,USR1161,lead,1/4/2022,successful,demo_schedule
1027,JNR1009MG,USR1161,lead,1/4/2022,successful,demo_not_attended
1028,JNR1009MG,USR1161,lead,1/4/2022,successful,demo_not_attended
1029,JNR1009MG,USR1161,lead,1/4/2022,unsuccessful,demo_not_attended
1030,JNR1009MG,USR1161,lead,1/4/2022,successful,demo_not_attended
1031,JNR1009MG,USR1162,lead,1/4/2022,successful,lead_introduction
1032,JNR1009MG,USR1162,lead,1/6/2022,successful,demo_schedule
1033,JNR1009MG,USR1162,lead,1/7/2022,successful,demo_not_attended
1034,JNR1009MG,USR1162,lead,1/7/2022,successful,demo_not_attended
1035,JNR1009MG,USR1162,lead,1/7/2022,unsuccessful,demo_not_attended
1036,JNR1009MG,USR1162,lead,1/7/2022,successful,demo_not_attended
1037,JNR1009MG,USR1162,awareness,1/7/2022,successful,post_demo_followup
1038,JNR1009MG,USR1162,consideration,1/7/2022,successful,interested_for_conversion
1039,JNR1009MG,USR1162,consideration,1/7/2022,unsuccessful,followup_for_conversion
1040,JNR1009MG,USR1162,consideration,1/7/2022,successful,followup_for_conversion
1041,JNR1009MG,USR1163,lead,1/5/2022,unsuccessful,lead_introduction
1042,JNR1009MG,USR1163,lead,1/6/2022,successful,lead_introduction
1043,JNR1009MG,USR1163,lead,1/8/2022,successful,demo_schedule
1044,JNR1009MG,USR1163,lead,1/9/2022,successful,demo_not_attended
1045,JNR1009MG,USR1163,lead,1/9/2022,successful,demo_not_attended
1046,JNR1009MG,USR1163,lead,1/9/2022,successful,demo_not_attended
1047,JNR1009MG,USR1163,awareness,1/9/2022,successful,post_demo_followup
1048,JNR1009MG,USR1164,lead,1/7/2022,successful,lead_introduction
1049,JNR1009MG,USR1164,lead,1/8/2022,successful,demo_schedule
1050,JNR1009MG,USR1164,lead,1/8/2022,successful,demo_not_attended
1051,JNR1009MG,USR1164,lead,1/8/2022,successful,demo_not_attended
1052,JNR1009MG,USR1165,lead,1/1/2022,unsuccessful,lead_introduction
1053,JNR1009MG,USR1165,lead,1/2/2022,successful,lead_introduction
1054,JNR1009MG,USR1165,lead,1/3/2022,successful,demo_schedule
1055,JNR1009MG,USR1165,lead,1/3/2022,successful,demo_not_attended
1056,JNR1009MG,USR1166,lead,1/8/2022,successful,lead_introduction
1057,JNR1009MG,USR1166,lead,1/10/2022,successful,demo_schedule
1058,JNR1009MG,USR1166,lead,1/10/2022,successful,demo_not_attended
1059,JNR1009MG,USR1166,lead,1/10/2022,successful,demo_not_attended
1060,JNR1009MG,USR1166,lead,1/10/2022,unsuccessful,demo_not_attended
1061,JNR1009MG,USR1166,lead,1/10/2022,successful,demo_not_attended
1062,JNR1009MG,USR1167,lead,1/8/2022,successful,lead_introduction
1063,JNR1009MG,USR1167,lead,1/10/2022,successful,demo_schedule
1064,JNR1009MG,USR1167,lead,1/10/2022,successful,demo_not_attended
1065,JNR1009MG,USR1167,lead,1/10/2022,successful,demo_not_attended
1066,JNR1009MG,USR1167,awareness,1/10/2022,successful,post_demo_followup
1067,JNR1009MG,USR1167,consideration,1/10/2022,successful,interested_for_conversion
1068,JNR1009MG,USR1167,consideration,1/10/2022,unsuccessful,followup_for_conversion
1069,JNR1009MG,USR1167,consideration,1/10/2022,successful,followup_for_conversion
1070,JNR1009MG,USR1168,lead,1/8/2022,unsuccessful,lead_introduction
1071,JNR1009MG,USR1168,lead,1/8/2022,successful,lead_introduction
1072,JNR1009MG,USR1168,lead,1/9/2022,successful,demo_schedule
1073,JNR1009MG,USR1168,lead,1/9/2022,successful,demo_not_attended
1074,JNR1009MG,USR1168,lead,1/9/2022,successful,demo_not_attended
1075,JNR1009MG,USR1169,lead,1/8/2022,successful,lead_introduction
1076,JNR1009MG,USR1169,lead,1/9/2022,successful,demo_schedule
1077,JNR1009MG,USR1169,lead,1/9/2022,successful,demo_not_attended
1078,JNR1009MG,USR1170,lead,1/8/2022,unsuccessful,lead_introduction
1079,JNR1009MG,USR1170,lead,1/9/2022,successful,lead_introduction
1080,JNR1009MG,USR1170,lead,1/11/2022,successful,demo_schedule
1081,JNR1009MG,USR1170,lead,1/14/2022,successful,demo_not_attended
1082,JNR1009MG,USR1170,lead,1/14/2022,successful,demo_not_attended
1083,JNR1009MG,USR1170,lead,1/14/2022,successful,demo_not_attended
1084,JNR1009MG,USR1170,awareness,1/14/2022,successful,post_demo_followup
1085,JNR1009MG,USR1171,lead,1/17/2022,successful,lead_introduction
1086,JNR1009MG,USR1171,lead,1/17/2022,successful,demo_schedule
1087,JNR1009MG,USR1171,lead,1/20/2022,successful,demo_not_attended
1088,JNR1009MG,USR1171,lead,1/20/2022,successful,demo_not_attended
1089,JNR1009MG,USR1171,lead,1/20/2022,unsuccessful,demo_not_attended
1090,JNR1009MG,USR1171,lead,1/20/2022,successful,demo_not_attended
1091,JNR1009MG,USR1171,awareness,1/20/2022,successful,post_demo_followup
1092,JNR1009MG,USR1171,consideration,1/20/2022,successful,interested_for_conversion
1093,JNR1009MG,USR1171,consideration,1/20/2022,successful,followup_for_conversion
1094,JNR1009MG,USR1171,consideration,1/20/2022,successful,followup_for_conversion
1095,JNR1009MG,USR1172,lead,1/18/2022,successful,lead_introduction
1096,JNR1009MG,USR1172,lead,1/20/2022,successful,demo_schedule
1097,JNR1009MG,USR1172,lead,1/21/2022,successful,demo_not_attended
1098,JNR1009MG,USR1172,lead,1/21/2022,successful,demo_not_attended
1099,JNR1009MG,USR1172,awareness,1/21/2022,successful,post_demo_followup
1100,JNR1009MG,USR1172,consideration,1/21/2022,successful,interested_for_conversion
1101,JNR1009MG,USR1172,consideration,1/21/2022,successful,followup_for_conversion
1102,JNR1009MG,USR1172,consideration,1/21/2022,successful,followup_for_conversion
1103,JNR1009MG,USR1172,conversion,1/21/2022,successful,successful_conversion
1104,JNR1009MG,USR1173,lead,1/17/2022,unsuccessful,lead_introduction
1105,JNR1009MG,USR1173,lead,1/18/2022,successful,lead_introduction
1106,JNR1009MG,USR1173,lead,1/19/2022,unsuccessful,demo_schedule
1107,JNR1009MG,USR1173,lead,1/19/2022,successful,demo_schedule
1108,JNR1009MG,USR1173,lead,1/19/2022,successful,demo_not_attended
1109,JNR1009MG,USR1173,lead,1/19/2022,successful,demo_not_attended
1110,JNR1009MG,USR1173,awareness,1/19/2022,successful,post_demo_followup
1111,JNR1009MG,USR1173,consideration,1/19/2022,successful,interested_for_conversion
1112,JNR1009MG,USR1173,consideration,1/19/2022,successful,followup_for_conversion
1113,JNR1009MG,USR1173,consideration,1/19/2022,successful,followup_for_conversion
1114,JNR1009MG,USR1173,conversion,1/19/2022,successful,successful_conversion
1115,JNR1009MG,USR1174,lead,1/17/2022,successful,lead_introduction
1116,JNR1009MG,USR1174,lead,1/19/2022,successful,demo_schedule
1117,JNR1009MG,USR1174,lead,1/19/2022,successful,demo_not_attended
1118,JNR1009MG,USR1175,lead,1/15/2022,unsuccessful,lead_introduction
1119,JNR1009MG,USR1175,lead,1/16/2022,successful,lead_introduction
1120,JNR1009MG,USR1175,lead,1/16/2022,successful,demo_schedule
1121,JNR1009MG,USR1175,lead,1/18/2022,successful,demo_not_attended
1122,JNR1009MG,USR1175,lead,1/18/2022,successful,demo_not_attended
1123,JNR1009MG,USR1175,lead,1/18/2022,successful,demo_not_attended
1124,JNR1009MG,USR1175,awareness,1/18/2022,successful,post_demo_followup
1125,JNR1009MG,USR1176,lead,2/21/2022,successful,lead_introduction
1126,JNR1009MG,USR1176,lead,2/23/2022,successful,demo_schedule
1127,JNR1009MG,USR1176,lead,2/23/2022,unsuccessful,demo_not_attended
1128,JNR1009MG,USR1176,lead,2/24/2022,unsuccessful,demo_not_attended
1129,JNR1009MG,USR1176,lead,2/24/2022,unsuccessful,demo_not_attended
1130,JNR1009MG,USR1176,lead,2/24/2022,successful,demo_not_attended
1131,JNR1009MG,USR1177,lead,2/22/2022,successful,lead_introduction
1132,JNR1009MG,USR1177,lead,2/23/2022,successful,demo_schedule
1133,JNR1009MG,USR1177,lead,2/23/2022,successful,demo_not_attended
1134,JNR1009MG,USR1177,lead,2/23/2022,successful,demo_not_attended
1135,JNR1009MG,USR1177,lead,2/23/2022,unsuccessful,demo_not_attended
1136,JNR1009MG,USR1177,lead,2/23/2022,successful,demo_not_attended
1137,JNR1009MG,USR1177,awareness,2/23/2022,successful,post_demo_followup
1138,JNR1009MG,USR1177,consideration,2/23/2022,successful,interested_for_conversion
1139,JNR1009MG,USR1177,consideration,2/23/2022,successful,followup_for_conversion
1140,JNR1009MG,USR1177,consideration,2/23/2022,successful,followup_for_conversion
1141,JNR1009MG,USR1178,lead,2/23/2022,unsuccessful,lead_introduction
1142,JNR1009MG,USR1178,lead,2/24/2022,successful,lead_introduction
1143,JNR1009MG,USR1178,lead,2/25/2022,successful,demo_schedule
1144,JNR1009MG,USR1178,lead,2/26/2022,successful,demo_not_attended
1145,JNR1009MG,USR1178,lead,2/26/2022,successful,demo_not_attended
1146,JNR1009MG,USR1178,lead,2/26/2022,successful,demo_not_attended
1147,JNR1009MG,USR1178,awareness,2/26/2022,successful,post_demo_followup
1148,JNR1009MG,USR1179,lead,2/25/2022,successful,lead_introduction
1149,JNR1009MG,USR1179,lead,2/27/2022,successful,demo_schedule
1150,JNR1009MG,USR1179,lead,2/28/2022,successful,demo_not_attended
1151,JNR1009MG,USR1179,lead,2/28/2022,successful,demo_not_attended
1152,JNR1009MG,USR1180,lead,2/19/2022,unsuccessful,lead_introduction
1153,JNR1009MG,USR1180,lead,2/20/2022,successful,lead_introduction
1154,JNR1009MG,USR1180,lead,2/22/2022,successful,demo_schedule
1155,JNR1009MG,USR1180,lead,2/23/2022,successful,demo_not_attended
1156,JNR1010MG,USR1181,lead,1/1/2022,successful,lead_introduction
1157,JNR1010MG,USR1181,lead,1/2/2022,successful,demo_schedule
1158,JNR1010MG,USR1181,lead,1/3/2022,successful,demo_not_attended
1159,JNR1010MG,USR1181,lead,1/3/2022,successful,demo_not_attended
1160,JNR1010MG,USR1181,lead,1/3/2022,unsuccessful,demo_not_attended
1161,JNR1010MG,USR1181,lead,1/3/2022,successful,demo_not_attended
1162,JNR1010MG,USR1182,lead,1/1/2022,successful,lead_introduction
1163,JNR1010MG,USR1182,lead,1/2/2022,successful,demo_schedule
1164,JNR1010MG,USR1182,lead,1/7/2022,successful,demo_not_attended
1165,JNR1010MG,USR1182,lead,1/7/2022,successful,demo_not_attended
1166,JNR1010MG,USR1182,lead,1/7/2022,unsuccessful,demo_not_attended
1167,JNR1010MG,USR1182,lead,1/7/2022,successful,demo_not_attended
1168,JNR1010MG,USR1182,awareness,1/7/2022,successful,post_demo_followup
1169,JNR1010MG,USR1182,consideration,1/8/2022,successful,interested_for_conversion
1170,JNR1010MG,USR1182,consideration,1/8/2022,successful,followup_for_conversion
1171,JNR1010MG,USR1182,consideration,1/8/2022,successful,followup_for_conversion
1172,JNR1010MG,USR1182,conversion,1/8/2022,successful,successful_conversion
1173,JNR1010MG,USR1183,lead,1/1/2022,unsuccessful,lead_introduction
1174,JNR1010MG,USR1183,lead,1/1/2022,successful,lead_introduction
1175,JNR1010MG,USR1183,lead,1/3/2022,successful,demo_schedule
1176,JNR1010MG,USR1183,lead,1/4/2022,successful,demo_not_attended
1177,JNR1010MG,USR1183,lead,1/4/2022,successful,demo_not_attended
1178,JNR1010MG,USR1183,lead,1/4/2022,successful,demo_not_attended
1179,JNR1010MG,USR1183,awareness,1/4/2022,successful,post_demo_followup
1180,JNR1010MG,USR1183,consideration,1/5/2022,successful,interested_for_conversion
1181,JNR1010MG,USR1183,consideration,1/5/2022,successful,followup_for_conversion
1182,JNR1010MG,USR1183,consideration,1/5/2022,successful,followup_for_conversion
1183,JNR1010MG,USR1183,conversion,1/5/2022,successful,successful_conversion
1184,JNR1010MG,USR1184,lead,1/2/2022,successful,lead_introduction
1185,JNR1010MG,USR1184,lead,1/4/2022,successful,demo_schedule
1186,JNR1010MG,USR1184,lead,1/5/2022,successful,demo_not_attended
1187,JNR1010MG,USR1184,lead,1/5/2022,successful,demo_not_attended
1188,JNR1010MG,USR1185,lead,1/3/2022,unsuccessful,lead_introduction
1189,JNR1010MG,USR1185,lead,1/4/2022,successful,lead_introduction
1190,JNR1010MG,USR1185,lead,1/5/2022,successful,demo_schedule
1191,JNR1010MG,USR1185,lead,1/6/2022,successful,demo_not_attended
1192,JNR1010MG,USR1185,awareness,1/6/2022,successful,post_demo_followup
1193,JNR1010MG,USR1185,consideration,1/6/2022,successful,interested_for_conversion
1194,JNR1010MG,USR1185,awareness,1/6/2022,successful,followup_for_consideration
1195,JNR1010MG,USR1185,consideration,1/6/2022,successful,interested_for_conversion
1196,JNR1010MG,USR1185,awareness,1/6/2022,successful,followup_for_consideration
1197,JNR1010MG,USR1186,lead,1/8/2022,successful,lead_introduction
1198,JNR1010MG,USR1186,lead,1/9/2022,successful,demo_schedule
1199,JNR1010MG,USR1186,lead,1/10/2022,successful,demo_not_attended
1200,JNR1010MG,USR1186,lead,1/10/2022,successful,demo_not_attended
1201,JNR1010MG,USR1186,lead,1/10/2022,unsuccessful,demo_not_attended
1202,JNR1010MG,USR1186,lead,1/10/2022,successful,demo_not_attended
1203,JNR1010MG,USR1187,lead,1/8/2022,successful,lead_introduction
1204,JNR1010MG,USR1187,lead,1/10/2022,successful,demo_schedule
1205,JNR1010MG,USR1187,lead,1/10/2022,successful,demo_not_attended
1206,JNR1010MG,USR1187,lead,1/10/2022,successful,demo_not_attended
1207,JNR1010MG,USR1187,awareness,1/10/2022,successful,post_demo_followup
1208,JNR1010MG,USR1187,consideration,1/11/2022,successful,interested_for_conversion
1209,JNR1010MG,USR1187,consideration,1/11/2022,successful,followup_for_conversion
1210,JNR1010MG,USR1187,consideration,1/11/2022,successful,followup_for_conversion
1211,JNR1010MG,USR1188,lead,1/8/2022,unsuccessful,lead_introduction
1212,JNR1010MG,USR1188,lead,1/8/2022,successful,lead_introduction
1213,JNR1010MG,USR1188,lead,1/8/2022,successful,demo_schedule
1214,JNR1010MG,USR1188,lead,1/9/2022,successful,demo_not_attended
1215,JNR1010MG,USR1188,lead,1/9/2022,successful,demo_not_attended
1216,JNR1010MG,USR1189,lead,1/8/2022,successful,lead_introduction
1217,JNR1010MG,USR1189,lead,1/10/2022,successful,demo_schedule
1218,JNR1010MG,USR1189,lead,1/11/2022,successful,demo_not_attended
1219,JNR1010MG,USR1190,lead,1/8/2022,unsuccessful,lead_introduction
1220,JNR1010MG,USR1190,lead,1/9/2022,successful,lead_introduction
1221,JNR1010MG,USR1190,lead,1/10/2022,successful,demo_schedule
1222,JNR1010MG,USR1190,lead,1/14/2022,successful,demo_not_attended
1223,JNR1010MG,USR1190,lead,1/14/2022,successful,demo_not_attended
1224,JNR1010MG,USR1190,lead,1/14/2022,successful,demo_not_attended
1225,JNR1010MG,USR1190,awareness,1/14/2022,successful,post_demo_followup
1226,JNR1010MG,USR1191,lead,1/15/2022,successful,lead_introduction
1227,JNR1010MG,USR1191,lead,1/16/2022,successful,demo_schedule
1228,JNR1010MG,USR1191,lead,1/20/2022,successful,demo_not_attended
1229,JNR1010MG,USR1191,lead,1/20/2022,successful,demo_not_attended
1230,JNR1010MG,USR1191,lead,1/20/2022,unsuccessful,demo_not_attended
1231,JNR1010MG,USR1191,lead,1/20/2022,successful,demo_not_attended
1232,JNR1010MG,USR1191,awareness,1/20/2022,successful,post_demo_followup
1233,JNR1010MG,USR1191,consideration,1/21/2022,successful,interested_for_conversion
1234,JNR1010MG,USR1191,consideration,1/21/2022,successful,followup_for_conversion
1235,JNR1010MG,USR1191,consideration,1/21/2022,successful,followup_for_conversion
1236,JNR1010MG,USR1192,lead,1/15/2022,successful,lead_introduction
1237,JNR1010MG,USR1192,lead,1/17/2022,successful,demo_schedule
1238,JNR1010MG,USR1192,lead,1/17/2022,successful,demo_not_attended
1239,JNR1010MG,USR1192,lead,1/17/2022,successful,demo_not_attended
1240,JNR1010MG,USR1192,awareness,1/17/2022,successful,post_demo_followup
1241,JNR1010MG,USR1192,consideration,1/18/2022,successful,interested_for_conversion
1242,JNR1010MG,USR1192,consideration,1/18/2022,successful,followup_for_conversion
1243,JNR1010MG,USR1192,consideration,1/18/2022,successful,followup_for_conversion
1244,JNR1010MG,USR1192,conversion,1/18/2022,successful,successful_conversion
1245,JNR1010MG,USR1193,lead,1/17/2022,unsuccessful,lead_introduction
1246,JNR1010MG,USR1193,lead,1/18/2022,successful,lead_introduction
1247,JNR1010MG,USR1193,lead,1/18/2022,unsuccessful,demo_schedule
1248,JNR1010MG,USR1193,lead,1/20/2022,successful,demo_schedule
1249,JNR1010MG,USR1193,lead,1/21/2022,successful,demo_not_attended
1250,JNR1010MG,USR1193,lead,1/21/2022,successful,demo_not_attended
1251,JNR1010MG,USR1193,awareness,1/21/2022,successful,post_demo_followup
1252,JNR1010MG,USR1193,consideration,1/22/2022,successful,interested_for_conversion
1253,JNR1010MG,USR1193,consideration,1/22/2022,successful,followup_for_conversion
1254,JNR1010MG,USR1193,consideration,1/22/2022,successful,followup_for_conversion
1255,JNR1010MG,USR1193,conversion,1/22/2022,successful,successful_conversion
1256,JNR1010MG,USR1194,lead,1/17/2022,successful,lead_introduction
1257,JNR1010MG,USR1194,lead,1/18/2022,successful,demo_schedule
1258,JNR1010MG,USR1194,lead,1/19/2022,successful,demo_not_attended
1259,JNR1010MG,USR1195,lead,1/15/2022,unsuccessful,lead_introduction
1260,JNR1010MG,USR1195,lead,1/16/2022,successful,lead_introduction
1261,JNR1010MG,USR1195,lead,1/17/2022,successful,demo_schedule
1262,JNR1010MG,USR1195,lead,1/18/2022,successful,demo_not_attended
1263,JNR1010MG,USR1195,lead,1/18/2022,successful,demo_not_attended
1264,JNR1010MG,USR1195,lead,1/18/2022,successful,demo_not_attended
1265,JNR1010MG,USR1195,awareness,1/18/2022,successful,post_demo_followup
1266,JNR1010MG,USR1196,lead,2/19/2022,successful,lead_introduction
1267,JNR1010MG,USR1196,lead,2/21/2022,successful,demo_schedule
1268,JNR1010MG,USR1196,lead,2/22/2022,successful,demo_not_attended
1269,JNR1010MG,USR1196,lead,2/22/2022,successful,demo_not_attended
1270,JNR1010MG,USR1196,lead,2/22/2022,unsuccessful,demo_not_attended
1271,JNR1010MG,USR1196,lead,2/22/2022,successful,demo_not_attended
1272,JNR1010MG,USR1197,lead,2/19/2022,successful,lead_introduction
1273,JNR1010MG,USR1197,lead,2/21/2022,successful,demo_schedule
1274,JNR1010MG,USR1197,lead,2/23/2022,successful,demo_not_attended
1275,JNR1010MG,USR1197,lead,2/23/2022,successful,demo_not_attended
1276,JNR1010MG,USR1197,lead,2/23/2022,unsuccessful,demo_not_attended
1277,JNR1010MG,USR1197,lead,2/23/2022,successful,demo_not_attended
1278,JNR1010MG,USR1197,awareness,2/23/2022,successful,post_demo_followup
1279,JNR1010MG,USR1197,consideration,2/24/2022,successful,interested_for_conversion
1280,JNR1010MG,USR1197,consideration,2/24/2022,successful,followup_for_conversion
1281,JNR1010MG,USR1197,consideration,2/24/2022,successful,followup_for_conversion
1282,JNR1010MG,USR1198,lead,2/19/2022,unsuccessful,lead_introduction
1283,JNR1010MG,USR1198,lead,2/19/2022,successful,lead_introduction
1284,JNR1010MG,USR1198,lead,2/20/2022,successful,demo_schedule
1285,JNR1010MG,USR1198,lead,2/22/2022,successful,demo_not_attended
1286,JNR1010MG,USR1198,lead,2/22/2022,successful,demo_not_attended
1287,JNR1010MG,USR1198,lead,2/22/2022,successful,demo_not_attended
1288,JNR1010MG,USR1198,awareness,2/22/2022,successful,post_demo_followup
1289,JNR1010MG,USR1199,lead,2/19/2022,successful,lead_introduction
1290,JNR1010MG,USR1199,lead,2/20/2022,successful,demo_schedule
1291,JNR1010MG,USR1199,lead,2/21/2022,successful,demo_not_attended
1292,JNR1010MG,USR1199,lead,2/21/2022,successful,demo_not_attended
1293,JNR1010MG,USR1200,lead,2/19/2022,unsuccessful,lead_introduction
1294,JNR1010MG,USR1200,lead,2/20/2022,successful,lead_introduction
1295,JNR1010MG,USR1200,lead,2/22/2022,successful,demo_schedule
1296,JNR1010MG,USR1200,lead,2/23/2022,successful,demo_not_attended
1297,JNR1011MG,USR1201,lead,1/1/2022,successful,lead_introduction
1298,JNR1011MG,USR1201,lead,1/3/2022,successful,demo_schedule
1299,JNR1011MG,USR1201,lead,1/4/2022,successful,demo_not_attended
1300,JNR1011MG,USR1201,lead,1/4/2022,successful,demo_not_attended
1301,JNR1011MG,USR1201,lead,1/4/2022,unsuccessful,demo_not_attended
1302,JNR1011MG,USR1201,lead,1/4/2022,successful,demo_not_attended
1303,JNR1011MG,USR1202,lead,1/1/2022,successful,lead_introduction
1304,JNR1011MG,USR1202,lead,1/2/2022,successful,demo_schedule
1305,JNR1011MG,USR1202,lead,1/5/2022,successful,demo_not_attended
1306,JNR1011MG,USR1202,lead,1/5/2022,successful,demo_not_attended
1307,JNR1011MG,USR1202,lead,1/5/2022,unsuccessful,demo_not_attended
1308,JNR1011MG,USR1202,lead,1/5/2022,successful,demo_not_attended
1309,JNR1011MG,USR1202,awareness,1/5/2022,successful,post_demo_followup
1310,JNR1011MG,USR1202,consideration,1/6/2022,successful,interested_for_conversion
1311,JNR1011MG,USR1202,consideration,1/6/2022,successful,followup_for_conversion
1312,JNR1011MG,USR1202,consideration,1/6/2022,successful,followup_for_conversion
1313,JNR1011MG,USR1203,lead,1/1/2022,unsuccessful,lead_introduction
1314,JNR1011MG,USR1203,lead,1/1/2022,successful,lead_introduction
1315,JNR1011MG,USR1203,lead,1/2/2022,successful,demo_schedule
1316,JNR1011MG,USR1203,lead,1/5/2022,successful,demo_not_attended
1317,JNR1011MG,USR1203,lead,1/5/2022,successful,demo_not_attended
1318,JNR1011MG,USR1203,lead,1/5/2022,successful,demo_not_attended
1319,JNR1011MG,USR1203,awareness,1/5/2022,successful,post_demo_followup
1320,JNR1011MG,USR1204,lead,1/1/2022,successful,lead_introduction
1321,JNR1011MG,USR1204,lead,1/3/2022,successful,demo_schedule
1322,JNR1011MG,USR1204,lead,1/4/2022,successful,demo_not_attended
1323,JNR1011MG,USR1204,lead,1/4/2022,successful,demo_not_attended
1324,JNR1011MG,USR1205,lead,1/1/2022,unsuccessful,lead_introduction
1325,JNR1011MG,USR1205,lead,1/2/2022,successful,lead_introduction
1326,JNR1011MG,USR1205,lead,1/2/2022,successful,demo_schedule
1327,JNR1011MG,USR1205,lead,1/3/2022,successful,demo_not_attended
1328,JNR1011MG,USR1206,lead,1/10/2022,successful,lead_introduction
1329,JNR1011MG,USR1206,lead,1/12/2022,successful,demo_schedule
1330,JNR1011MG,USR1206,lead,1/13/2022,successful,demo_not_attended
1331,JNR1011MG,USR1206,lead,1/13/2022,successful,demo_not_attended
1332,JNR1011MG,USR1206,lead,1/13/2022,unsuccessful,demo_not_attended
1333,JNR1011MG,USR1206,lead,1/13/2022,successful,demo_not_attended
1334,JNR1011MG,USR1207,lead,1/11/2022,successful,lead_introduction
1335,JNR1011MG,USR1207,lead,1/12/2022,successful,demo_schedule
1336,JNR1011MG,USR1207,lead,1/13/2022,successful,demo_not_attended
1337,JNR1011MG,USR1207,lead,1/13/2022,successful,demo_not_attended
1338,JNR1011MG,USR1207,awareness,1/13/2022,successful,post_demo_followup
1339,JNR1011MG,USR1207,consideration,1/14/2022,successful,interested_for_conversion
1340,JNR1011MG,USR1207,consideration,1/14/2022,successful,followup_for_conversion
1341,JNR1011MG,USR1207,consideration,1/14/2022,successful,followup_for_conversion
1342,JNR1011MG,USR1208,lead,1/12/2022,unsuccessful,lead_introduction
1343,JNR1011MG,USR1208,lead,1/13/2022,successful,lead_introduction
1344,JNR1011MG,USR1208,lead,1/14/2022,successful,demo_schedule
1345,JNR1011MG,USR1208,lead,1/15/2022,successful,demo_not_attended
1346,JNR1011MG,USR1208,lead,1/15/2022,successful,demo_not_attended
1347,JNR1011MG,USR1209,lead,1/14/2022,successful,lead_introduction
1348,JNR1011MG,USR1209,lead,1/16/2022,successful,demo_schedule
1349,JNR1011MG,USR1209,lead,1/17/2022,successful,demo_not_attended
1350,JNR1011MG,USR1210,lead,1/15/2022,unsuccessful,lead_introduction
1351,JNR1011MG,USR1210,lead,1/16/2022,successful,lead_introduction
1352,JNR1011MG,USR1210,lead,1/16/2022,successful,demo_schedule
1353,JNR1011MG,USR1210,lead,1/17/2022,successful,demo_not_attended
1354,JNR1011MG,USR1210,lead,1/17/2022,successful,demo_not_attended
1355,JNR1011MG,USR1210,lead,1/17/2022,successful,demo_not_attended
1356,JNR1011MG,USR1210,awareness,1/17/2022,successful,post_demo_followup
1357,JNR1011MG,USR1211,lead,1/24/2022,successful,lead_introduction
1358,JNR1011MG,USR1211,lead,1/26/2022,successful,demo_schedule
1359,JNR1011MG,USR1211,lead,1/27/2022,successful,demo_not_attended
1360,JNR1011MG,USR1211,lead,1/27/2022,successful,demo_not_attended
1361,JNR1011MG,USR1211,lead,1/27/2022,unsuccessful,demo_not_attended
1362,JNR1011MG,USR1211,lead,1/27/2022,successful,demo_not_attended
1363,JNR1011MG,USR1211,awareness,1/27/2022,successful,post_demo_followup
1364,JNR1011MG,USR1211,consideration,1/28/2022,successful,interested_for_conversion
1365,JNR1011MG,USR1211,consideration,1/28/2022,unsuccessful,followup_for_conversion
1366,JNR1011MG,USR1211,consideration,1/28/2022,successful,followup_for_conversion
1367,JNR1011MG,USR1212,lead,1/25/2022,successful,lead_introduction
1368,JNR1011MG,USR1212,lead,1/26/2022,successful,demo_schedule
1369,JNR1011MG,USR1212,lead,1/27/2022,successful,demo_not_attended
1370,JNR1011MG,USR1212,lead,1/27/2022,successful,demo_not_attended
1371,JNR1011MG,USR1212,awareness,1/27/2022,successful,post_demo_followup
1372,JNR1011MG,USR1212,consideration,1/28/2022,successful,interested_for_conversion
1373,JNR1011MG,USR1212,consideration,1/28/2022,successful,followup_for_conversion
1374,JNR1011MG,USR1212,consideration,1/28/2022,successful,followup_for_conversion
1375,JNR1011MG,USR1212,conversion,1/28/2022,successful,successful_conversion
1376,JNR1011MG,USR1213,lead,1/17/2022,unsuccessful,lead_introduction
1377,JNR1011MG,USR1213,lead,1/18/2022,successful,lead_introduction
1378,JNR1011MG,USR1213,lead,1/19/2022,unsuccessful,demo_schedule
1379,JNR1011MG,USR1213,lead,1/20/2022,successful,demo_schedule
1380,JNR1011MG,USR1213,lead,1/21/2022,successful,demo_not_attended
1381,JNR1011MG,USR1213,lead,1/21/2022,successful,demo_not_attended
1382,JNR1011MG,USR1213,awareness,1/21/2022,successful,post_demo_followup
1383,JNR1011MG,USR1213,consideration,1/22/2022,successful,interested_for_conversion
1384,JNR1011MG,USR1213,consideration,1/22/2022,unsuccessful,followup_for_conversion
1385,JNR1011MG,USR1213,consideration,1/22/2022,successful,followup_for_conversion
1386,JNR1011MG,USR1213,conversion,1/22/2022,successful,successful_conversion
1387,JNR1011MG,USR1214,lead,1/17/2022,successful,lead_introduction
1388,JNR1011MG,USR1214,lead,1/19/2022,successful,demo_schedule
1389,JNR1011MG,USR1214,lead,1/20/2022,successful,demo_not_attended
1390,JNR1011MG,USR1215,lead,1/15/2022,unsuccessful,lead_introduction
1391,JNR1011MG,USR1215,lead,1/16/2022,successful,lead_introduction
1392,JNR1011MG,USR1215,lead,1/17/2022,successful,demo_schedule
1393,JNR1011MG,USR1215,lead,1/18/2022,successful,demo_not_attended
1394,JNR1011MG,USR1215,lead,1/18/2022,successful,demo_not_attended
1395,JNR1011MG,USR1215,lead,1/18/2022,successful,demo_not_attended
1396,JNR1011MG,USR1215,awareness,1/18/2022,successful,post_demo_followup
1397,JNR1011MG,USR1216,lead,2/19/2022,successful,lead_introduction
1398,JNR1011MG,USR1216,lead,2/20/2022,successful,demo_schedule
1399,JNR1011MG,USR1216,lead,2/21/2022,successful,demo_not_attended
1400,JNR1011MG,USR1216,lead,2/21/2022,successful,demo_not_attended
1401,JNR1011MG,USR1216,lead,2/21/2022,unsuccessful,demo_not_attended
1402,JNR1011MG,USR1216,lead,2/21/2022,successful,demo_not_attended
1403,JNR1011MG,USR1217,lead,2/19/2022,successful,lead_introduction
1404,JNR1011MG,USR1217,lead,2/21/2022,successful,demo_schedule
1405,JNR1011MG,USR1217,lead,2/23/2022,successful,demo_not_attended
1406,JNR1011MG,USR1217,lead,2/23/2022,successful,demo_not_attended
1407,JNR1011MG,USR1217,lead,2/23/2022,unsuccessful,demo_not_attended
1408,JNR1011MG,USR1217,lead,2/23/2022,successful,demo_not_attended
1409,JNR1011MG,USR1217,awareness,2/23/2022,successful,post_demo_followup
1410,JNR1011MG,USR1217,consideration,2/24/2022,successful,interested_for_conversion
1411,JNR1011MG,USR1217,consideration,2/24/2022,successful,followup_for_conversion
1412,JNR1011MG,USR1217,consideration,2/24/2022,successful,followup_for_conversion
1413,JNR1011MG,USR1218,lead,2/19/2022,unsuccessful,lead_introduction
1414,JNR1011MG,USR1218,lead,2/19/2022,successful,lead_introduction
1415,JNR1011MG,USR1218,lead,2/21/2022,successful,demo_schedule
1416,JNR1011MG,USR1218,lead,2/22/2022,successful,demo_not_attended
1417,JNR1011MG,USR1218,lead,2/22/2022,successful,demo_not_attended
1418,JNR1011MG,USR1218,lead,2/22/2022,successful,demo_not_attended
1419,JNR1011MG,USR1218,awareness,2/22/2022,successful,post_demo_followup
1420,JNR1011MG,USR1219,lead,2/20/2022,successful,lead_introduction
1421,JNR1011MG,USR1219,lead,2/21/2022,successful,demo_schedule
1422,JNR1011MG,USR1219,lead,2/22/2022,successful,demo_not_attended
1423,JNR1011MG,USR1219,lead,2/22/2022,successful,demo_not_attended
1424,JNR1011MG,USR1220,lead,2/21/2022,unsuccessful,lead_introduction
1425,JNR1011MG,USR1220,lead,2/22/2022,successful,lead_introduction
1426,JNR1011MG,USR1220,lead,2/23/2022,successful,demo_schedule
1427,JNR1011MG,USR1220,lead,2/23/2022,successful,demo_not_attended
1428,JNR1012MG,USR1221,lead,1/1/2022,successful,lead_introduction
1429,JNR1012MG,USR1221,lead,1/3/2022,successful,demo_schedule
1430,JNR1012MG,USR1221,lead,1/3/2022,successful,demo_not_attended
1431,JNR1012MG,USR1221,lead,1/3/2022,successful,demo_not_attended
1432,JNR1012MG,USR1221,lead,1/3/2022,unsuccessful,demo_not_attended
1433,JNR1012MG,USR1221,lead,1/3/2022,successful,demo_not_attended
1434,JNR1012MG,USR1222,lead,1/1/2022,successful,lead_introduction
1435,JNR1012MG,USR1222,lead,1/1/2022,successful,demo_schedule
1436,JNR1012MG,USR1222,lead,1/7/2022,successful,demo_not_attended
1437,JNR1012MG,USR1222,lead,1/7/2022,successful,demo_not_attended
1438,JNR1012MG,USR1222,lead,1/7/2022,unsuccessful,demo_not_attended
1439,JNR1012MG,USR1222,lead,1/7/2022,successful,demo_not_attended
1440,JNR1012MG,USR1222,awareness,1/7/2022,successful,post_demo_followup
1441,JNR1012MG,USR1222,consideration,1/8/2022,successful,interested_for_conversion
1442,JNR1012MG,USR1222,consideration,1/8/2022,unsuccessful,followup_for_conversion
1443,JNR1012MG,USR1222,consideration,1/8/2022,successful,followup_for_conversion
1444,JNR1012MG,USR1222,conversion,1/9/2022,successful,successful_conversion
1445,JNR1012MG,USR1223,lead,1/1/2022,unsuccessful,lead_introduction
1446,JNR1012MG,USR1223,lead,1/1/2022,successful,lead_introduction
1447,JNR1012MG,USR1223,lead,1/3/2022,successful,demo_schedule
1448,JNR1012MG,USR1223,lead,1/4/2022,successful,demo_not_attended
1449,JNR1012MG,USR1223,lead,1/4/2022,successful,demo_not_attended
1450,JNR1012MG,USR1223,lead,1/4/2022,successful,demo_not_attended
1451,JNR1012MG,USR1223,awareness,1/4/2022,successful,post_demo_followup
1452,JNR1012MG,USR1223,consideration,1/5/2022,successful,interested_for_conversion
1453,JNR1012MG,USR1223,consideration,1/5/2022,successful,followup_for_conversion
1454,JNR1012MG,USR1223,consideration,1/5/2022,successful,followup_for_conversion
1455,JNR1012MG,USR1223,conversion,1/6/2022,successful,successful_conversion
1456,JNR1012MG,USR1224,lead,1/2/2022,successful,lead_introduction
1457,JNR1012MG,USR1224,lead,1/3/2022,successful,demo_schedule
1458,JNR1012MG,USR1224,lead,1/3/2022,successful,demo_not_attended
1459,JNR1012MG,USR1224,lead,1/3/2022,successful,demo_not_attended
1460,JNR1012MG,USR1225,lead,1/3/2022,unsuccessful,lead_introduction
1461,JNR1012MG,USR1225,lead,1/4/2022,successful,lead_introduction
1462,JNR1012MG,USR1225,lead,1/5/2022,successful,demo_schedule
1463,JNR1012MG,USR1225,lead,1/6/2022,successful,demo_not_attended
1464,JNR1012MG,USR1225,awareness,1/6/2022,successful,post_demo_followup
1465,JNR1012MG,USR1225,consideration,1/6/2022,successful,interested_for_conversion
1466,JNR1012MG,USR1225,awareness,1/6/2022,successful,followup_for_consideration
1467,JNR1012MG,USR1225,consideration,1/6/2022,successful,interested_for_conversion
1468,JNR1012MG,USR1225,awareness,1/6/2022,successful,followup_for_consideration
1469,JNR1012MG,USR1226,lead,1/8/2022,successful,lead_introduction
1470,JNR1012MG,USR1226,lead,1/10/2022,successful,demo_schedule
1471,JNR1012MG,USR1226,lead,1/10/2022,successful,demo_not_attended
1472,JNR1012MG,USR1226,lead,1/10/2022,successful,demo_not_attended
1473,JNR1012MG,USR1226,lead,1/10/2022,unsuccessful,demo_not_attended
1474,JNR1012MG,USR1226,lead,1/10/2022,successful,demo_not_attended
1475,JNR1012MG,USR1227,lead,1/8/2022,successful,lead_introduction
1476,JNR1012MG,USR1227,lead,1/8/2022,successful,demo_schedule
1477,JNR1012MG,USR1227,lead,1/10/2022,successful,demo_not_attended
1478,JNR1012MG,USR1227,lead,1/10/2022,successful,demo_not_attended
1479,JNR1012MG,USR1227,awareness,1/10/2022,successful,post_demo_followup
1480,JNR1012MG,USR1227,consideration,1/11/2022,successful,interested_for_conversion
1481,JNR1012MG,USR1227,consideration,1/11/2022,successful,followup_for_conversion
1482,JNR1012MG,USR1227,consideration,1/11/2022,successful,followup_for_conversion
1483,JNR1012MG,USR1228,lead,1/9/2022,unsuccessful,lead_introduction
1484,JNR1012MG,USR1228,lead,1/9/2022,successful,lead_introduction
1485,JNR1012MG,USR1228,lead,1/11/2022,successful,demo_schedule
1486,JNR1012MG,USR1228,lead,1/11/2022,successful,demo_not_attended
1487,JNR1012MG,USR1228,lead,1/11/2022,successful,demo_not_attended
1488,JNR1012MG,USR1229,lead,1/8/2022,successful,lead_introduction
1489,JNR1012MG,USR1229,lead,1/9/2022,successful,demo_schedule
1490,JNR1012MG,USR1229,lead,1/9/2022,successful,demo_not_attended
1491,JNR1012MG,USR1230,lead,1/8/2022,unsuccessful,lead_introduction
1492,JNR1012MG,USR1230,lead,1/9/2022,successful,lead_introduction
1493,JNR1012MG,USR1230,lead,1/10/2022,successful,demo_schedule
1494,JNR1012MG,USR1230,lead,1/14/2022,successful,demo_not_attended
1495,JNR1012MG,USR1230,lead,1/14/2022,successful,demo_not_attended
1496,JNR1012MG,USR1230,lead,1/14/2022,successful,demo_not_attended
1497,JNR1012MG,USR1230,awareness,1/14/2022,successful,post_demo_followup
1498,JNR1012MG,USR1231,lead,1/17/2022,successful,lead_introduction
1499,JNR1012MG,USR1231,lead,1/19/2022,successful,demo_schedule
1500,JNR1012MG,USR1231,lead,1/20/2022,successful,demo_not_attended
1501,JNR1012MG,USR1231,lead,1/20/2022,successful,demo_not_attended
1502,JNR1012MG,USR1231,lead,1/20/2022,unsuccessful,demo_not_attended
1503,JNR1012MG,USR1231,lead,1/20/2022,successful,demo_not_attended
1504,JNR1012MG,USR1231,awareness,1/20/2022,successful,post_demo_followup
1505,JNR1012MG,USR1231,consideration,1/21/2022,successful,interested_for_conversion
1506,JNR1012MG,USR1231,consideration,1/21/2022,successful,followup_for_conversion
1507,JNR1012MG,USR1231,consideration,1/21/2022,successful,followup_for_conversion
1508,JNR1012MG,USR1232,lead,1/18/2022,successful,lead_introduction
1509,JNR1012MG,USR1232,lead,1/20/2022,successful,demo_schedule
1510,JNR1012MG,USR1232,lead,1/21/2022,successful,demo_not_attended
1511,JNR1012MG,USR1232,lead,1/21/2022,successful,demo_not_attended
1512,JNR1012MG,USR1232,awareness,1/21/2022,successful,post_demo_followup
1513,JNR1012MG,USR1232,awareness,1/22/2022,successful,followup_for_consideration
1514,JNR1012MG,USR1232,consideration,1/22/2022,successful,interested_for_conversion
1515,JNR1012MG,USR1232,consideration,1/23/2022,successful,followup_for_conversion
1516,JNR1012MG,USR1232,conversion,1/23/2022,successful,successful_conversion
1517,JNR1012MG,USR1233,lead,1/19/2022,unsuccessful,lead_introduction
1518,JNR1012MG,USR1233,lead,1/20/2022,successful,lead_introduction
1519,JNR1012MG,USR1233,lead,1/21/2022,unsuccessful,demo_schedule
1520,JNR1012MG,USR1233,lead,1/21/2022,successful,demo_schedule
1521,JNR1012MG,USR1233,lead,1/22/2022,successful,demo_not_attended
1522,JNR1012MG,USR1233,lead,1/22/2022,successful,demo_not_attended
1523,JNR1012MG,USR1233,awareness,1/22/2022,successful,post_demo_followup
1524,JNR1012MG,USR1233,consideration,1/22/2022,successful,interested_for_conversion
1525,JNR1012MG,USR1233,consideration,1/22/2022,successful,followup_for_conversion
1526,JNR1012MG,USR1233,consideration,1/22/2022,successful,followup_for_conversion
1527,JNR1012MG,USR1233,conversion,1/23/2022,successful,successful_conversion
1528,JNR1012MG,USR1234,lead,1/17/2022,successful,lead_introduction
1529,JNR1012MG,USR1234,lead,1/19/2022,successful,demo_schedule
1530,JNR1012MG,USR1234,lead,1/19/2022,successful,demo_not_attended
1531,JNR1012MG,USR1235,lead,1/15/2022,unsuccessful,lead_introduction
1532,JNR1012MG,USR1235,lead,1/16/2022,successful,lead_introduction
1533,JNR1012MG,USR1235,lead,1/18/2022,successful,demo_schedule
1534,JNR1012MG,USR1235,lead,1/18/2022,successful,demo_not_attended
1535,JNR1012MG,USR1235,lead,1/18/2022,successful,demo_not_attended
1536,JNR1012MG,USR1235,lead,1/18/2022,successful,demo_not_attended
1537,JNR1012MG,USR1235,awareness,1/18/2022,successful,post_demo_followup
1538,JNR1012MG,USR1236,lead,2/19/2022,successful,lead_introduction
1539,JNR1012MG,USR1236,lead,2/20/2022,successful,demo_schedule
1540,JNR1012MG,USR1236,lead,2/20/2022,successful,demo_not_attended
1541,JNR1012MG,USR1236,lead,2/20/2022,successful,demo_not_attended
1542,JNR1012MG,USR1236,lead,2/20/2022,unsuccessful,demo_not_attended
1543,JNR1012MG,USR1236,lead,2/20/2022,successful,demo_not_attended
1544,JNR1012MG,USR1237,lead,2/19/2022,successful,lead_introduction
1545,JNR1012MG,USR1237,lead,2/20/2022,successful,demo_schedule
1546,JNR1012MG,USR1237,lead,2/23/2022,successful,demo_not_attended
1547,JNR1012MG,USR1237,lead,2/23/2022,successful,demo_not_attended
1548,JNR1012MG,USR1237,lead,2/23/2022,unsuccessful,demo_not_attended
1549,JNR1012MG,USR1237,lead,2/23/2022,successful,demo_not_attended
1550,JNR1012MG,USR1237,awareness,2/23/2022,successful,post_demo_followup
1551,JNR1012MG,USR1237,consideration,2/23/2022,successful,interested_for_conversion
1552,JNR1012MG,USR1237,consideration,2/23/2022,unsuccessful,followup_for_conversion
1553,JNR1012MG,USR1237,consideration,2/23/2022,successful,followup_for_conversion
1554,JNR1012MG,USR1238,lead,2/19/2022,unsuccessful,lead_introduction
1555,JNR1012MG,USR1238,lead,2/19/2022,successful,lead_introduction
1556,JNR1012MG,USR1238,lead,2/21/2022,successful,demo_schedule
1557,JNR1012MG,USR1238,lead,2/22/2022,successful,demo_not_attended
1558,JNR1012MG,USR1238,lead,2/22/2022,successful,demo_not_attended
1559,JNR1012MG,USR1238,lead,2/22/2022,successful,demo_not_attended
1560,JNR1012MG,USR1238,awareness,2/22/2022,successful,post_demo_followup
1561,JNR1012MG,USR1239,lead,2/19/2022,successful,lead_introduction
1562,JNR1012MG,USR1239,lead,2/19/2022,successful,demo_schedule
1563,JNR1012MG,USR1239,lead,2/19/2022,successful,demo_not_attended
1564,JNR1012MG,USR1239,lead,2/19/2022,successful,demo_not_attended
1565,JNR1012MG,USR1240,lead,2/19/2022,unsuccessful,lead_introduction
1566,JNR1012MG,USR1240,lead,2/20/2022,successful,lead_introduction
1567,JNR1012MG,USR1240,lead,2/22/2022,successful,demo_schedule
1568,JNR1012MG,USR1240,lead,2/22/2022,successful,demo_not_attended
1569,JNR1013MG,USR1241,lead,1/1/2022,successful,lead_introduction
1570,JNR1013MG,USR1241,lead,1/2/2022,successful,demo_schedule
1571,JNR1013MG,USR1241,lead,1/2/2022,successful,demo_not_attended
1572,JNR1013MG,USR1241,lead,1/2/2022,successful,demo_not_attended
1573,JNR1013MG,USR1241,lead,1/2/2022,unsuccessful,demo_not_attended
1574,JNR1013MG,USR1241,lead,1/2/2022,successful,demo_not_attended
1575,JNR1013MG,USR1242,lead,1/1/2022,successful,lead_introduction
1576,JNR1013MG,USR1242,lead,1/2/2022,successful,demo_schedule
1577,JNR1013MG,USR1242,lead,1/5/2022,successful,demo_not_attended
1578,JNR1013MG,USR1242,lead,1/5/2022,successful,demo_not_attended
1579,JNR1013MG,USR1242,lead,1/5/2022,unsuccessful,demo_not_attended
1580,JNR1013MG,USR1242,lead,1/5/2022,successful,demo_not_attended
1581,JNR1013MG,USR1242,awareness,1/5/2022,successful,post_demo_followup
1582,JNR1013MG,USR1242,consideration,1/5/2022,successful,interested_for_conversion
1583,JNR1013MG,USR1242,consideration,1/5/2022,successful,followup_for_conversion
1584,JNR1013MG,USR1242,consideration,1/5/2022,successful,followup_for_conversion
1585,JNR1013MG,USR1243,lead,1/1/2022,unsuccessful,lead_introduction
1586,JNR1013MG,USR1243,lead,1/1/2022,successful,lead_introduction
1587,JNR1013MG,USR1243,lead,1/3/2022,successful,demo_schedule
1588,JNR1013MG,USR1243,lead,1/5/2022,successful,demo_not_attended
1589,JNR1013MG,USR1243,lead,1/5/2022,successful,demo_not_attended
1590,JNR1013MG,USR1243,lead,1/5/2022,successful,demo_not_attended
1591,JNR1013MG,USR1243,awareness,1/5/2022,successful,post_demo_followup
1592,JNR1013MG,USR1244,lead,1/1/2022,successful,lead_introduction
1593,JNR1013MG,USR1244,lead,1/1/2022,successful,demo_schedule
1594,JNR1013MG,USR1244,lead,1/1/2022,successful,demo_not_attended
1595,JNR1013MG,USR1244,lead,1/1/2022,successful,demo_not_attended
1596,JNR1013MG,USR1245,lead,1/1/2022,unsuccessful,lead_introduction
1597,JNR1013MG,USR1245,lead,1/2/2022,successful,lead_introduction
1598,JNR1013MG,USR1245,lead,1/4/2022,successful,demo_schedule
1599,JNR1013MG,USR1245,lead,1/4/2022,successful,demo_not_attended
1600,JNR1013MG,USR1246,lead,1/8/2022,successful,lead_introduction
1601,JNR1013MG,USR1246,lead,1/9/2022,successful,demo_schedule
1602,JNR1013MG,USR1246,lead,1/9/2022,successful,demo_not_attended
1603,JNR1013MG,USR1246,lead,1/9/2022,successful,demo_not_attended
1604,JNR1013MG,USR1246,lead,1/9/2022,unsuccessful,demo_not_attended
1605,JNR1013MG,USR1246,lead,1/9/2022,successful,demo_not_attended
1606,JNR1013MG,USR1247,lead,1/8/2022,successful,lead_introduction
1607,JNR1013MG,USR1247,lead,1/9/2022,successful,demo_schedule
1608,JNR1013MG,USR1247,lead,1/10/2022,successful,demo_not_attended
1609,JNR1013MG,USR1247,lead,1/10/2022,successful,demo_not_attended
1610,JNR1013MG,USR1247,awareness,1/10/2022,successful,post_demo_followup
1611,JNR1013MG,USR1247,consideration,1/10/2022,successful,interested_for_conversion
1612,JNR1013MG,USR1247,consideration,1/10/2022,successful,followup_for_conversion
1613,JNR1013MG,USR1247,consideration,1/10/2022,successful,followup_for_conversion
1614,JNR1013MG,USR1248,lead,1/8/2022,unsuccessful,lead_introduction
1615,JNR1013MG,USR1248,lead,1/8/2022,successful,lead_introduction
1616,JNR1013MG,USR1248,lead,1/10/2022,successful,demo_schedule
1617,JNR1013MG,USR1248,lead,1/10/2022,successful,demo_not_attended
1618,JNR1013MG,USR1248,lead,1/10/2022,successful,demo_not_attended
1619,JNR1013MG,USR1249,lead,1/8/2022,successful,lead_introduction
1620,JNR1013MG,USR1249,lead,1/10/2022,successful,demo_schedule
1621,JNR1013MG,USR1249,lead,1/10/2022,successful,demo_not_attended
1622,JNR1013MG,USR1250,lead,1/8/2022,unsuccessful,lead_introduction
1623,JNR1013MG,USR1250,lead,1/9/2022,successful,lead_introduction
1624,JNR1013MG,USR1250,lead,1/10/2022,successful,demo_schedule
1625,JNR1013MG,USR1250,lead,1/14/2022,successful,demo_not_attended
1626,JNR1013MG,USR1250,lead,1/14/2022,successful,demo_not_attended
1627,JNR1013MG,USR1250,lead,1/14/2022,successful,demo_not_attended
1628,JNR1013MG,USR1250,awareness,1/14/2022,successful,post_demo_followup
1629,JNR1013MG,USR1251,lead,1/15/2022,successful,lead_introduction
1630,JNR1013MG,USR1251,lead,1/16/2022,successful,demo_schedule
1631,JNR1013MG,USR1251,lead,1/20/2022,successful,demo_not_attended
1632,JNR1013MG,USR1251,lead,1/20/2022,successful,demo_not_attended
1633,JNR1013MG,USR1251,lead,1/20/2022,unsuccessful,demo_not_attended
1634,JNR1013MG,USR1251,lead,1/20/2022,successful,demo_not_attended
1635,JNR1013MG,USR1251,awareness,1/20/2022,successful,post_demo_followup
1636,JNR1013MG,USR1251,consideration,1/20/2022,successful,interested_for_conversion
1637,JNR1013MG,USR1251,consideration,1/20/2022,successful,followup_for_conversion
1638,JNR1013MG,USR1251,consideration,1/20/2022,successful,followup_for_conversion
1639,JNR1013MG,USR1252,lead,1/15/2022,successful,lead_introduction
1640,JNR1013MG,USR1252,lead,1/17/2022,successful,demo_schedule
1641,JNR1013MG,USR1252,lead,1/17/2022,successful,demo_not_attended
1642,JNR1013MG,USR1252,lead,1/17/2022,successful,demo_not_attended
1643,JNR1013MG,USR1252,awareness,1/17/2022,successful,post_demo_followup
1644,JNR1013MG,USR1252,consideration,1/17/2022,unsuccessful,interested_for_conversion
1645,JNR1013MG,USR1252,consideration,1/17/2022,successful,followup_for_conversion
1646,JNR1013MG,USR1252,consideration,1/17/2022,successful,interested_for_conversion
1647,JNR1013MG,USR1252,conversion,1/18/2022,successful,successful_conversion
1648,JNR1013MG,USR1253,lead,1/17/2022,unsuccessful,lead_introduction
1649,JNR1013MG,USR1253,lead,1/18/2022,successful,lead_introduction
1650,JNR1013MG,USR1253,lead,1/20/2022,unsuccessful,demo_schedule
1651,JNR1013MG,USR1253,lead,1/19/2022,successful,demo_schedule
1652,JNR1013MG,USR1253,lead,1/19/2022,successful,demo_not_attended
1653,JNR1013MG,USR1253,lead,1/19/2022,successful,demo_not_attended
1654,JNR1013MG,USR1253,awareness,1/19/2022,successful,post_demo_followup
1655,JNR1013MG,USR1253,consideration,1/19/2022,unsuccessful,interested_for_conversion
1656,JNR1013MG,USR1253,consideration,1/19/2022,successful,followup_for_conversion
1657,JNR1013MG,USR1253,consideration,1/19/2022,successful,interested_for_conversion
1658,JNR1013MG,USR1253,conversion,1/20/2022,successful,successful_conversion
1659,JNR1013MG,USR1254,lead,1/17/2022,successful,lead_introduction
1660,JNR1013MG,USR1254,lead,1/18/2022,successful,demo_schedule
1661,JNR1013MG,USR1254,lead,1/18/2022,successful,demo_not_attended
1662,JNR1013MG,USR1255,lead,1/15/2022,unsuccessful,lead_introduction
1663,JNR1013MG,USR1255,lead,1/16/2022,successful,lead_introduction
1664,JNR1013MG,USR1255,lead,1/18/2022,successful,demo_schedule
1665,JNR1013MG,USR1255,lead,1/18/2022,successful,demo_not_attended
1666,JNR1013MG,USR1255,lead,1/18/2022,successful,demo_not_attended
1667,JNR1013MG,USR1255,lead,1/18/2022,successful,demo_not_attended
1668,JNR1013MG,USR1255,awareness,1/18/2022,successful,post_demo_followup
1669,JNR1013MG,USR1256,lead,2/21/2022,successful,lead_introduction
1670,JNR1013MG,USR1256,lead,2/21/2022,successful,demo_schedule
1671,JNR1013MG,USR1256,lead,2/21/2022,successful,demo_not_attended
1672,JNR1013MG,USR1256,lead,2/21/2022,successful,demo_not_attended
1673,JNR1013MG,USR1256,lead,2/21/2022,unsuccessful,demo_not_attended
1674,JNR1013MG,USR1256,lead,2/21/2022,successful,demo_not_attended
1675,JNR1013MG,USR1257,lead,2/22/2022,successful,lead_introduction
1676,JNR1013MG,USR1257,lead,2/24/2022,successful,demo_schedule
1677,JNR1013MG,USR1257,lead,2/25/2022,successful,demo_not_attended
1678,JNR1013MG,USR1257,lead,2/25/2022,successful,demo_not_attended
1679,JNR1013MG,USR1257,lead,2/25/2022,unsuccessful,demo_not_attended
1680,JNR1013MG,USR1257,lead,2/25/2022,successful,demo_not_attended
1681,JNR1013MG,USR1257,awareness,2/25/2022,successful,post_demo_followup
1682,JNR1013MG,USR1257,consideration,2/25/2022,unsuccessful,interested_for_conversion
1683,JNR1013MG,USR1257,consideration,2/25/2022,successful,followup_for_conversion
1684,JNR1013MG,USR1257,consideration,2/25/2022,successful,interested_for_conversion
1685,JNR1013MG,USR1258,lead,2/23/2022,unsuccessful,lead_introduction
1686,JNR1013MG,USR1258,lead,2/24/2022,successful,lead_introduction
1687,JNR1013MG,USR1258,lead,2/25/2022,successful,demo_schedule
1688,JNR1013MG,USR1258,lead,2/26/2022,successful,demo_not_attended
1689,JNR1013MG,USR1258,lead,2/26/2022,successful,demo_not_attended
1690,JNR1013MG,USR1258,lead,2/26/2022,successful,demo_not_attended
1691,JNR1013MG,USR1258,awareness,2/26/2022,successful,post_demo_followup
1692,JNR1013MG,USR1259,lead,2/25/2022,successful,lead_introduction
1693,JNR1013MG,USR1259,lead,2/26/2022,successful,demo_schedule
1694,JNR1013MG,USR1259,lead,2/26/2022,successful,demo_not_attended
1695,JNR1013MG,USR1259,lead,2/26/2022,successful,demo_not_attended
1696,JNR1013MG,USR1260,lead,2/26/2022,unsuccessful,lead_introduction
1697,JNR1013MG,USR1260,lead,2/27/2022,successful,lead_introduction
1698,JNR1013MG,USR1260,lead,3/1/2022,successful,demo_schedule
1699,JNR1014MG,USR1261,lead,1/5/2022,successful,lead_introduction
1700,JNR1014MG,USR1261,lead,1/5/2022,successful,demo_schedule
1701,JNR1014MG,USR1261,lead,1/5/2022,successful,demo_not_attended
1702,JNR1014MG,USR1261,lead,1/5/2022,successful,demo_not_attended
1703,JNR1014MG,USR1261,lead,1/5/2022,unsuccessful,demo_not_attended
1704,JNR1014MG,USR1261,lead,1/5/2022,successful,demo_not_attended
1705,JNR1014MG,USR1262,lead,1/6/2022,successful,lead_introduction
1706,JNR1014MG,USR1262,lead,1/6/2022,successful,demo_schedule
1707,JNR1014MG,USR1262,lead,1/7/2022,successful,demo_not_attended
1708,JNR1014MG,USR1262,lead,1/7/2022,successful,demo_not_attended
1709,JNR1014MG,USR1262,lead,1/7/2022,unsuccessful,demo_not_attended
1710,JNR1014MG,USR1262,lead,1/7/2022,successful,demo_not_attended
1711,JNR1014MG,USR1262,awareness,1/7/2022,successful,post_demo_followup
1712,JNR1014MG,USR1262,consideration,1/7/2022,successful,interested_for_conversion
1713,JNR1014MG,USR1262,consideration,1/7/2022,successful,followup_for_conversion
1714,JNR1014MG,USR1262,consideration,1/7/2022,successful,followup_for_conversion
1715,JNR1014MG,USR1262,conversion,1/8/2022,successful,successful_conversion
1716,JNR1014MG,USR1263,lead,1/7/2022,unsuccessful,lead_introduction
1717,JNR1014MG,USR1263,lead,1/8/2022,successful,lead_introduction
1718,JNR1014MG,USR1263,lead,1/8/2022,successful,demo_schedule
1719,JNR1014MG,USR1263,lead,1/9/2022,successful,demo_not_attended
1720,JNR1014MG,USR1263,lead,1/9/2022,successful,demo_not_attended
1721,JNR1014MG,USR1263,lead,1/9/2022,successful,demo_not_attended
1722,JNR1014MG,USR1263,awareness,1/9/2022,successful,post_demo_followup
1723,JNR1014MG,USR1263,consideration,1/9/2022,successful,interested_for_conversion
1724,JNR1014MG,USR1263,consideration,1/9/2022,successful,followup_for_conversion
1725,JNR1014MG,USR1263,consideration,1/9/2022,successful,followup_for_conversion
1726,JNR1014MG,USR1263,conversion,1/10/2022,successful,successful_conversion
1727,JNR1014MG,USR1264,lead,1/5/2022,successful,lead_introduction
1728,JNR1014MG,USR1264,lead,1/5/2022,successful,demo_schedule
1729,JNR1014MG,USR1264,lead,1/5/2022,successful,demo_not_attended
1730,JNR1014MG,USR1264,lead,1/5/2022,successful,demo_not_attended
1731,JNR1014MG,USR1265,lead,1/6/2022,unsuccessful,lead_introduction
1732,JNR1014MG,USR1265,lead,1/7/2022,successful,lead_introduction
1733,JNR1014MG,USR1265,lead,1/7/2022,successful,demo_schedule
1734,JNR1014MG,USR1265,lead,1/8/2022,successful,demo_not_attended
1735,JNR1014MG,USR1265,awareness,1/8/2022,successful,post_demo_followup
1736,JNR1014MG,USR1265,consideration,1/8/2022,successful,interested_for_conversion
1737,JNR1014MG,USR1265,awareness,1/8/2022,successful,followup_for_consideration
1738,JNR1014MG,USR1265,consideration,1/8/2022,successful,interested_for_conversion
1739,JNR1014MG,USR1265,awareness,1/8/2022,successful,followup_for_consideration
1740,JNR1014MG,USR1266,lead,1/15/2022,successful,lead_introduction
1741,JNR1014MG,USR1266,lead,1/15/2022,successful,demo_schedule
1742,JNR1014MG,USR1266,lead,1/15/2022,successful,demo_not_attended
1743,JNR1014MG,USR1266,lead,1/15/2022,successful,demo_not_attended
1744,JNR1014MG,USR1266,lead,1/15/2022,unsuccessful,demo_not_attended
1745,JNR1014MG,USR1266,lead,1/15/2022,successful,demo_not_attended
1746,JNR1014MG,USR1267,lead,1/13/2022,successful,lead_introduction
1747,JNR1014MG,USR1267,lead,1/13/2022,successful,demo_schedule
1748,JNR1014MG,USR1267,lead,1/14/2022,successful,demo_not_attended
1749,JNR1014MG,USR1267,lead,1/14/2022,successful,demo_not_attended
1750,JNR1014MG,USR1267,awareness,1/14/2022,successful,post_demo_followup
1751,JNR1014MG,USR1267,consideration,1/14/2022,successful,interested_for_conversion
1752,JNR1014MG,USR1267,consideration,1/14/2022,successful,followup_for_conversion
1753,JNR1014MG,USR1267,consideration,1/14/2022,successful,followup_for_conversion
1754,JNR1014MG,USR1268,lead,1/14/2022,unsuccessful,lead_introduction
1755,JNR1014MG,USR1268,lead,1/15/2022,successful,lead_introduction
1756,JNR1014MG,USR1268,lead,1/15/2022,successful,demo_schedule
1757,JNR1014MG,USR1268,lead,1/15/2022,successful,demo_not_attended
1758,JNR1014MG,USR1268,lead,1/15/2022,successful,demo_not_attended
1759,JNR1014MG,USR1269,lead,1/16/2022,successful,lead_introduction
1760,JNR1014MG,USR1269,lead,1/16/2022,successful,demo_schedule
1761,JNR1014MG,USR1269,lead,1/16/2022,successful,demo_not_attended
1762,JNR1014MG,USR1270,lead,1/8/2022,unsuccessful,lead_introduction
1763,JNR1014MG,USR1270,lead,1/8/2022,successful,lead_introduction
1764,JNR1014MG,USR1270,lead,1/8/2022,successful,demo_schedule
1765,JNR1014MG,USR1270,lead,1/14/2022,successful,demo_not_attended
1766,JNR1014MG,USR1270,lead,1/14/2022,successful,demo_not_attended
1767,JNR1014MG,USR1270,lead,1/14/2022,successful,demo_not_attended
1768,JNR1014MG,USR1270,awareness,1/14/2022,successful,post_demo_followup
1769,JNR1014MG,USR1271,lead,1/15/2022,successful,lead_introduction
1770,JNR1014MG,USR1271,lead,1/15/2022,successful,demo_schedule
1771,JNR1014MG,USR1271,lead,1/20/2022,successful,demo_not_attended
1772,JNR1014MG,USR1271,lead,1/20/2022,successful,demo_not_attended
1773,JNR1014MG,USR1271,lead,1/20/2022,unsuccessful,demo_not_attended
1774,JNR1014MG,USR1271,lead,1/20/2022,successful,demo_not_attended
1775,JNR1014MG,USR1271,awareness,1/20/2022,successful,post_demo_followup
1776,JNR1014MG,USR1271,consideration,1/20/2022,successful,interested_for_conversion
1777,JNR1014MG,USR1271,consideration,1/20/2022,unsuccessful,interested_for_conversion
1778,JNR1014MG,USR1271,consideration,1/20/2022,successful,interested_for_conversion
1779,JNR1014MG,USR1272,lead,1/15/2022,successful,lead_introduction
1780,JNR1014MG,USR1272,lead,1/17/2022,successful,demo_schedule
1781,JNR1014MG,USR1272,lead,1/17/2022,successful,demo_not_attended
1782,JNR1014MG,USR1272,lead,1/17/2022,successful,demo_not_attended
1783,JNR1014MG,USR1272,awareness,1/17/2022,successful,post_demo_followup
1784,JNR1014MG,USR1272,consideration,1/17/2022,successful,interested_for_conversion
1785,JNR1014MG,USR1272,consideration,1/17/2022,successful,followup_for_conversion
1786,JNR1014MG,USR1272,consideration,1/17/2022,successful,followup_for_conversion
1787,JNR1014MG,USR1272,conversion,1/18/2022,successful,successful_conversion
1788,JNR1014MG,USR1273,lead,1/17/2022,unsuccessful,lead_introduction
1789,JNR1014MG,USR1273,lead,1/18/2022,successful,lead_introduction
1790,JNR1014MG,USR1273,lead,1/19/2022,unsuccessful,demo_schedule
1791,JNR1014MG,USR1273,lead,1/19/2022,successful,demo_schedule
1792,JNR1014MG,USR1273,lead,1/19/2022,successful,demo_not_attended
1793,JNR1014MG,USR1273,lead,1/19/2022,successful,demo_not_attended
1794,JNR1014MG,USR1273,awareness,1/19/2022,successful,post_demo_followup
1795,JNR1014MG,USR1273,consideration,1/19/2022,successful,interested_for_conversion
1796,JNR1014MG,USR1273,consideration,1/19/2022,successful,followup_for_conversion
1797,JNR1014MG,USR1273,consideration,1/19/2022,successful,followup_for_conversion
1798,JNR1014MG,USR1273,conversion,1/20/2022,successful,successful_conversion
1799,JNR1014MG,USR1274,lead,1/17/2022,successful,lead_introduction
1800,JNR1014MG,USR1274,lead,1/19/2022,successful,demo_schedule
1801,JNR1014MG,USR1274,lead,1/19/2022,successful,demo_not_attended
1802,JNR1014MG,USR1275,lead,1/15/2022,unsuccessful,lead_introduction
1803,JNR1014MG,USR1275,lead,1/16/2022,successful,lead_introduction
1804,JNR1014MG,USR1275,lead,1/18/2022,successful,demo_schedule
1805,JNR1014MG,USR1275,lead,1/18/2022,successful,demo_not_attended
1806,JNR1014MG,USR1275,lead,1/18/2022,successful,demo_not_attended
1807,JNR1014MG,USR1275,lead,1/18/2022,successful,demo_not_attended
1808,JNR1014MG,USR1275,awareness,1/18/2022,successful,post_demo_followup
1809,JNR1014MG,USR1277,lead,2/19/2022,successful,lead_introduction
1810,JNR1014MG,USR1277,lead,2/20/2022,successful,demo_schedule
1811,JNR1014MG,USR1277,lead,2/23/2022,successful,demo_not_attended
1812,JNR1014MG,USR1277,lead,2/23/2022,successful,demo_not_attended
1813,JNR1014MG,USR1277,lead,2/23/2022,unsuccessful,demo_not_attended
1814,JNR1014MG,USR1277,lead,2/23/2022,successful,demo_not_attended
1815,JNR1014MG,USR1277,awareness,2/23/2022,successful,post_demo_followup
1816,JNR1014MG,USR1277,consideration,2/23/2022,successful,interested_for_conversion
1817,JNR1014MG,USR1277,consideration,2/23/2022,successful,followup_for_conversion
1818,JNR1014MG,USR1277,consideration,2/23/2022,successful,followup_for_conversion
1819,JNR1014MG,USR1278,lead,2/19/2022,unsuccessful,lead_introduction
1820,JNR1014MG,USR1278,lead,2/19/2022,successful,lead_introduction
1821,JNR1014MG,USR1278,lead,2/20/2022,successful,demo_schedule
1822,JNR1014MG,USR1278,lead,2/22/2022,successful,demo_not_attended
1823,JNR1014MG,USR1278,lead,2/22/2022,successful,demo_not_attended
1824,JNR1014MG,USR1278,lead,2/22/2022,successful,demo_not_attended
1825,JNR1014MG,USR1278,awareness,2/22/2022,successful,post_demo_followup
1826,JNR1014MG,USR1279,lead,2/19/2022,successful,lead_introduction
1827,JNR1014MG,USR1279,lead,2/21/2022,successful,demo_schedule
1828,JNR1014MG,USR1279,lead,2/21/2022,successful,demo_not_attended
1829,JNR1014MG,USR1279,lead,2/21/2022,successful,demo_not_attended
1830,JNR1014MG,USR1280,lead,2/19/2022,unsuccessful,lead_introduction
1831,JNR1014MG,USR1280,lead,2/20/2022,successful,lead_introduction
1832,JNR1014MG,USR1280,lead,2/22/2022,successful,demo_schedule
1833,JNR1014MG,USR1280,lead,2/22/2022,successful,demo_not_attended
1834,JNR1015MG,USR1281,lead,1/3/2022,successful,lead_introduction
1835,JNR1015MG,USR1281,lead,1/4/2022,successful,demo_schedule
1836,JNR1015MG,USR1281,lead,1/4/2022,successful,demo_not_attended
1837,JNR1015MG,USR1281,lead,1/4/2022,successful,demo_not_attended
1838,JNR1015MG,USR1281,lead,1/4/2022,unsuccessful,demo_not_attended
1839,JNR1015MG,USR1281,lead,1/4/2022,successful,demo_not_attended
1840,JNR1015MG,USR1282,lead,1/4/2022,successful,lead_introduction
1841,JNR1015MG,USR1282,lead,1/5/2022,successful,demo_schedule
1842,JNR1015MG,USR1282,lead,1/5/2022,successful,demo_not_attended
1843,JNR1015MG,USR1282,lead,1/5/2022,successful,demo_not_attended
1844,JNR1015MG,USR1282,lead,1/5/2022,unsuccessful,demo_not_attended
1845,JNR1015MG,USR1282,lead,1/5/2022,successful,demo_not_attended
1846,JNR1015MG,USR1282,awareness,1/5/2022,successful,post_demo_followup
1847,JNR1015MG,USR1282,consideration,1/5/2022,successful,interested_for_conversion
1848,JNR1015MG,USR1282,consideration,1/5/2022,successful,followup_for_conversion
1849,JNR1015MG,USR1282,consideration,1/5/2022,successful,followup_for_conversion
1850,JNR1015MG,USR1283,lead,1/5/2022,unsuccessful,lead_introduction
1851,JNR1015MG,USR1283,lead,1/6/2022,successful,lead_introduction
1852,JNR1015MG,USR1283,lead,1/8/2022,successful,demo_schedule
1853,JNR1015MG,USR1283,lead,1/9/2022,successful,demo_not_attended
1854,JNR1015MG,USR1283,lead,1/9/2022,successful,demo_not_attended
1855,JNR1015MG,USR1283,lead,1/9/2022,successful,demo_not_attended
1856,JNR1015MG,USR1283,awareness,1/9/2022,successful,post_demo_followup
1857,JNR1015MG,USR1284,lead,1/7/2022,successful,lead_introduction
1858,JNR1015MG,USR1284,lead,1/7/2022,successful,demo_schedule
1859,JNR1015MG,USR1284,lead,1/7/2022,successful,demo_not_attended
1860,JNR1015MG,USR1284,lead,1/7/2022,successful,demo_not_attended
1861,JNR1015MG,USR1285,lead,1/1/2022,unsuccessful,lead_introduction
1862,JNR1015MG,USR1285,lead,1/2/2022,successful,lead_introduction
1863,JNR1015MG,USR1285,lead,1/4/2022,successful,demo_schedule
1864,JNR1015MG,USR1285,lead,1/4/2022,successful,demo_not_attended
1865,JNR1015MG,USR1286,lead,1/8/2022,successful,lead_introduction
1866,JNR1015MG,USR1286,lead,1/9/2022,successful,demo_schedule
1867,JNR1015MG,USR1286,lead,1/9/2022,successful,demo_not_attended
1868,JNR1015MG,USR1286,lead,1/9/2022,successful,demo_not_attended
1869,JNR1015MG,USR1286,lead,1/9/2022,unsuccessful,demo_not_attended
1870,JNR1015MG,USR1286,lead,1/9/2022,successful,demo_not_attended
1871,JNR1015MG,USR1287,lead,1/8/2022,successful,lead_introduction
1872,JNR1015MG,USR1287,lead,1/9/2022,successful,demo_schedule
1873,JNR1015MG,USR1287,lead,1/10/2022,successful,demo_not_attended
1874,JNR1015MG,USR1287,lead,1/10/2022,successful,demo_not_attended
1875,JNR1015MG,USR1287,awareness,1/10/2022,successful,post_demo_followup
1876,JNR1015MG,USR1287,consideration,1/10/2022,successful,interested_for_conversion
1877,JNR1015MG,USR1287,consideration,1/10/2022,successful,followup_for_conversion
1878,JNR1015MG,USR1287,consideration,1/10/2022,successful,followup_for_conversion
1879,JNR1015MG,USR1288,lead,1/8/2022,unsuccessful,lead_introduction
1880,JNR1015MG,USR1288,lead,1/8/2022,successful,lead_introduction
1881,JNR1015MG,USR1288,lead,1/10/2022,successful,demo_schedule
1882,JNR1015MG,USR1288,lead,1/10/2022,successful,demo_not_attended
1883,JNR1015MG,USR1288,lead,1/10/2022,successful,demo_not_attended
1884,JNR1015MG,USR1289,lead,1/8/2022,successful,lead_introduction
1885,JNR1015MG,USR1289,lead,1/8/2022,successful,demo_schedule
1886,JNR1015MG,USR1289,lead,1/8/2022,successful,demo_not_attended
1887,JNR1015MG,USR1290,lead,1/8/2022,unsuccessful,lead_introduction
1888,JNR1015MG,USR1290,lead,1/9/2022,successful,lead_introduction
1889,JNR1015MG,USR1290,lead,1/11/2022,successful,demo_schedule
1890,JNR1015MG,USR1290,lead,1/14/2022,successful,demo_not_attended
1891,JNR1015MG,USR1290,lead,1/14/2022,successful,demo_not_attended
1892,JNR1015MG,USR1290,lead,1/14/2022,successful,demo_not_attended
1893,JNR1015MG,USR1290,awareness,1/14/2022,successful,post_demo_followup
1894,JNR1015MG,USR1291,lead,1/15/2022,successful,lead_introduction
1895,JNR1015MG,USR1291,lead,1/16/2022,successful,demo_schedule
1896,JNR1015MG,USR1291,lead,1/20/2022,successful,demo_not_attended
1897,JNR1015MG,USR1291,lead,1/20/2022,successful,demo_not_attended
1898,JNR1015MG,USR1291,lead,1/20/2022,unsuccessful,demo_not_attended
1899,JNR1015MG,USR1291,lead,1/20/2022,successful,demo_not_attended
1900,JNR1015MG,USR1291,awareness,1/20/2022,successful,post_demo_followup
1901,JNR1015MG,USR1291,consideration,1/20/2022,successful,interested_for_conversion
1902,JNR1015MG,USR1291,consideration,1/20/2022,successful,followup_for_conversion
1903,JNR1015MG,USR1291,consideration,1/20/2022,successful,followup_for_conversion
1904,JNR1015MG,USR1292,lead,1/15/2022,successful,lead_introduction
1905,JNR1015MG,USR1292,lead,1/16/2022,successful,demo_schedule
1906,JNR1015MG,USR1292,lead,1/17/2022,successful,demo_not_attended
1907,JNR1015MG,USR1292,lead,1/17/2022,successful,demo_not_attended
1908,JNR1015MG,USR1292,awareness,1/17/2022,successful,post_demo_followup
1909,JNR1015MG,USR1292,consideration,1/17/2022,successful,interested_for_conversion
1910,JNR1015MG,USR1292,consideration,1/17/2022,unsuccessful,followup_for_conversion
1911,JNR1015MG,USR1292,consideration,1/17/2022,successful,followup_for_conversion
1912,JNR1015MG,USR1292,conversion,1/18/2022,successful,successful_conversion
1913,JNR1015MG,USR1293,lead,1/17/2022,unsuccessful,lead_introduction
1914,JNR1015MG,USR1293,lead,1/18/2022,successful,lead_introduction
1915,JNR1015MG,USR1293,lead,1/20/2022,unsuccessful,demo_schedule
1916,JNR1015MG,USR1293,lead,1/20/2022,successful,demo_schedule
1917,JNR1015MG,USR1293,lead,1/21/2022,successful,demo_not_attended
1918,JNR1015MG,USR1293,lead,1/21/2022,successful,demo_not_attended
1919,JNR1015MG,USR1293,awareness,1/21/2022,successful,post_demo_followup
1920,JNR1015MG,USR1293,consideration,1/21/2022,successful,interested_for_conversion
1921,JNR1015MG,USR1293,consideration,1/21/2022,successful,followup_for_conversion
1922,JNR1015MG,USR1293,consideration,1/21/2022,successful,followup_for_conversion
1923,JNR1015MG,USR1293,conversion,1/22/2022,successful,successful_conversion
1924,JNR1015MG,USR1294,lead,1/17/2022,successful,lead_introduction
1925,JNR1015MG,USR1294,lead,1/18/2022,successful,demo_schedule
1926,JNR1015MG,USR1294,lead,1/18/2022,successful,demo_not_attended
1927,JNR1015MG,USR1295,lead,1/15/2022,unsuccessful,lead_introduction
1928,JNR1015MG,USR1295,lead,1/16/2022,successful,lead_introduction
1929,JNR1015MG,USR1295,lead,1/17/2022,successful,demo_schedule
1930,JNR1015MG,USR1295,lead,1/18/2022,successful,demo_not_attended
1931,JNR1015MG,USR1295,lead,1/18/2022,successful,demo_not_attended
1932,JNR1015MG,USR1295,lead,1/18/2022,successful,demo_not_attended
1933,JNR1015MG,USR1295,awareness,1/18/2022,successful,post_demo_followup
1934,JNR1015MG,USR1296,lead,2/19/2022,successful,lead_introduction
1935,JNR1015MG,USR1296,lead,2/21/2022,successful,demo_schedule
1936,JNR1015MG,USR1296,lead,2/21/2022,successful,demo_not_attended
1937,JNR1015MG,USR1296,lead,2/21/2022,successful,demo_not_attended
1938,JNR1015MG,USR1296,lead,2/21/2022,unsuccessful,demo_not_attended
1939,JNR1015MG,USR1296,lead,2/21/2022,successful,demo_not_attended
1940,JNR1015MG,USR1297,lead,2/19/2022,successful,lead_introduction
1941,JNR1015MG,USR1297,lead,2/21/2022,successful,demo_schedule
1942,JNR1015MG,USR1297,lead,2/23/2022,successful,demo_not_attended
1943,JNR1015MG,USR1297,lead,2/23/2022,successful,demo_not_attended
1944,JNR1015MG,USR1297,lead,2/23/2022,unsuccessful,demo_not_attended
1945,JNR1015MG,USR1297,lead,2/23/2022,successful,demo_not_attended
1946,JNR1015MG,USR1297,awareness,2/23/2022,successful,post_demo_followup
1947,JNR1015MG,USR1297,consideration,2/23/2022,successful,interested_for_conversion
1948,JNR1015MG,USR1297,consideration,2/23/2022,successful,followup_for_conversion
1949,JNR1015MG,USR1297,consideration,2/23/2022,successful,followup_for_conversion
1950,JNR1015MG,USR1297,conversion,2/24/2022,successful,successful_conversion
1951,JNR1015MG,USR1298,lead,2/19/2022,unsuccessful,lead_introduction
1952,JNR1015MG,USR1298,lead,2/19/2022,successful,lead_introduction
1953,JNR1015MG,USR1298,lead,2/20/2022,successful,demo_schedule
1954,JNR1015MG,USR1298,lead,2/22/2022,successful,demo_not_attended
1955,JNR1015MG,USR1298,lead,2/22/2022,successful,demo_not_attended
1956,JNR1015MG,USR1298,lead,2/22/2022,successful,demo_not_attended
1957,JNR1015MG,USR1298,awareness,2/22/2022,successful,post_demo_followup
1958,JNR1015MG,USR1299,lead,2/19/2022,successful,lead_introduction
1959,JNR1015MG,USR1299,lead,2/20/2022,successful,demo_schedule
1960,JNR1015MG,USR1299,lead,2/20/2022,successful,demo_not_attended
1961,JNR1015MG,USR1299,lead,2/20/2022,successful,demo_not_attended
1962,JNR1015MG,USR1300,lead,2/19/2022,unsuccessful,lead_introduction
1963,JNR1015MG,USR1300,lead,2/20/2022,successful,lead_introduction
1964,JNR1015MG,USR1300,lead,2/22/2022,successful,demo_schedule
1965,JNR1015MG,USR1300,lead,2/22/2022,successful,demo_not_attended
1966,JNR1016MG,USR1301,lead,1/1/2022,successful,lead_introduction
1967,JNR1016MG,USR1301,lead,1/1/2022,successful,demo_schedule
1968,JNR1016MG,USR1301,lead,1/1/2022,successful,demo_not_attended
1969,JNR1016MG,USR1301,lead,1/1/2022,successful,demo_not_attended
1970,JNR1016MG,USR1301,lead,1/1/2022,unsuccessful,demo_not_attended
1971,JNR1016MG,USR1301,lead,1/1/2022,successful,demo_not_attended
1972,JNR1016MG,USR1302,lead,1/1/2022,successful,lead_introduction
1973,JNR1016MG,USR1302,lead,1/3/2022,successful,demo_schedule
1974,JNR1016MG,USR1302,lead,1/7/2022,successful,demo_not_attended
1975,JNR1016MG,USR1302,lead,1/7/2022,successful,demo_not_attended
1976,JNR1016MG,USR1302,lead,1/7/2022,unsuccessful,demo_not_attended
1977,JNR1016MG,USR1302,lead,1/7/2022,successful,demo_not_attended
1978,JNR1016MG,USR1302,awareness,1/7/2022,successful,post_demo_followup
1979,JNR1016MG,USR1302,consideration,1/7/2022,successful,interested_for_conversion
1980,JNR1016MG,USR1302,consideration,1/7/2022,successful,followup_for_conversion
1981,JNR1016MG,USR1302,consideration,1/7/2022,successful,followup_for_conversion
1982,JNR1016MG,USR1302,conversion,1/8/2022,successful,successful_conversion
1983,JNR1016MG,USR1303,lead,1/1/2022,unsuccessful,lead_introduction
1984,JNR1016MG,USR1303,lead,1/1/2022,successful,lead_introduction
1985,JNR1016MG,USR1303,lead,1/2/2022,successful,demo_schedule
1986,JNR1016MG,USR1303,lead,1/3/2022,successful,demo_not_attended
1987,JNR1016MG,USR1303,lead,1/3/2022,successful,demo_not_attended
1988,JNR1016MG,USR1303,lead,1/3/2022,successful,demo_not_attended
1989,JNR1016MG,USR1303,awareness,1/3/2022,successful,post_demo_followup
1990,JNR1016MG,USR1303,consideration,1/3/2022,successful,interested_for_conversion
1991,JNR1016MG,USR1303,consideration,1/3/2022,successful,followup_for_conversion
1992,JNR1016MG,USR1303,consideration,1/3/2022,successful,followup_for_conversion
1993,JNR1016MG,USR1303,conversion,1/4/2022,successful,successful_conversion
1994,JNR1016MG,USR1304,lead,1/2/2022,successful,lead_introduction
1995,JNR1016MG,USR1304,lead,1/3/2022,successful,demo_schedule
1996,JNR1016MG,USR1304,lead,1/3/2022,successful,demo_not_attended
1997,JNR1016MG,USR1304,lead,1/3/2022,successful,demo_not_attended
1998,JNR1016MG,USR1305,lead,1/3/2022,unsuccessful,lead_introduction
1999,JNR1016MG,USR1305,lead,1/4/2022,successful,lead_introduction
2000,JNR1016MG,USR1305,lead,1/6/2022,successful,demo_schedule
2001,JNR1016MG,USR1305,lead,1/6/2022,successful,demo_not_attended
2002,JNR1016MG,USR1305,awareness,1/6/2022,successful,post_demo_followup
2003,JNR1016MG,USR1305,consideration,1/6/2022,successful,interested_for_conversion
2004,JNR1016MG,USR1305,awareness,1/6/2022,successful,followup_for_consideration
2005,JNR1016MG,USR1305,consideration,1/6/2022,successful,interested_for_conversion
2006,JNR1016MG,USR1305,awareness,1/6/2022,successful,followup_for_consideration
2007,JNR1016MG,USR1306,lead,1/8/2022,successful,lead_introduction
2008,JNR1016MG,USR1306,lead,1/8/2022,successful,demo_schedule
2009,JNR1016MG,USR1306,lead,1/8/2022,successful,demo_not_attended
2010,JNR1016MG,USR1306,lead,1/8/2022,successful,demo_not_attended
2011,JNR1016MG,USR1306,lead,1/8/2022,unsuccessful,demo_not_attended
2012,JNR1016MG,USR1306,lead,1/8/2022,successful,demo_not_attended
2013,JNR1016MG,USR1307,lead,1/8/2022,successful,lead_introduction
2014,JNR1016MG,USR1307,lead,1/10/2022,successful,demo_schedule
2015,JNR1016MG,USR1307,lead,1/10/2022,successful,demo_not_attended
2016,JNR1016MG,USR1307,lead,1/10/2022,successful,demo_not_attended
2017,JNR1016MG,USR1307,awareness,1/10/2022,successful,post_demo_followup
2018,JNR1016MG,USR1307,consideration,1/10/2022,successful,interested_for_conversion
2019,JNR1016MG,USR1307,consideration,1/10/2022,successful,followup_for_conversion
2020,JNR1016MG,USR1307,consideration,1/10/2022,successful,followup_for_conversion
2021,JNR1016MG,USR1307,conversion,1/11/2022,successful,successful_conversion
2022,JNR1016MG,USR1308,lead,1/8/2022,unsuccessful,lead_introduction
2023,JNR1016MG,USR1308,lead,1/8/2022,successful,lead_introduction
2024,JNR1016MG,USR1308,lead,1/9/2022,successful,demo_schedule
2025,JNR1016MG,USR1308,lead,1/9/2022,successful,demo_not_attended
2026,JNR1016MG,USR1308,lead,1/9/2022,successful,demo_not_attended
2027,JNR1016MG,USR1309,lead,1/8/2022,successful,lead_introduction
2028,JNR1016MG,USR1309,lead,1/9/2022,successful,demo_schedule
2029,JNR1016MG,USR1309,lead,1/9/2022,successful,demo_not_attended
2030,JNR1016MG,USR1310,lead,1/8/2022,unsuccessful,lead_introduction
2031,JNR1016MG,USR1310,lead,1/9/2022,successful,lead_introduction
2032,JNR1016MG,USR1310,lead,1/11/2022,successful,demo_schedule
2033,JNR1016MG,USR1310,lead,1/14/2022,successful,demo_not_attended
2034,JNR1016MG,USR1310,lead,1/14/2022,successful,demo_not_attended
2035,JNR1016MG,USR1310,lead,1/14/2022,successful,demo_not_attended
2036,JNR1016MG,USR1310,awareness,1/14/2022,successful,post_demo_followup
2037,JNR1016MG,USR1311,lead,1/15/2022,successful,lead_introduction
2038,JNR1016MG,USR1311,lead,1/17/2022,successful,demo_schedule
2039,JNR1016MG,USR1311,lead,1/20/2022,successful,demo_not_attended
2040,JNR1016MG,USR1311,lead,1/20/2022,successful,demo_not_attended
2041,JNR1016MG,USR1311,lead,1/20/2022,unsuccessful,demo_not_attended
2042,JNR1016MG,USR1311,lead,1/20/2022,successful,demo_not_attended
2043,JNR1016MG,USR1311,awareness,1/20/2022,successful,post_demo_followup
2044,JNR1016MG,USR1311,consideration,1/20/2022,successful,interested_for_conversion
2045,JNR1016MG,USR1311,consideration,1/20/2022,successful,followup_for_conversion
2046,JNR1016MG,USR1311,consideration,1/20/2022,successful,followup_for_conversion
2047,JNR1016MG,USR1311,conversion,1/21/2022,successful,successful_conversion
2048,JNR1016MG,USR1312,lead,1/15/2022,successful,lead_introduction
2049,JNR1016MG,USR1312,lead,1/16/2022,successful,demo_schedule
2050,JNR1016MG,USR1312,lead,1/17/2022,successful,demo_not_attended
2051,JNR1016MG,USR1312,lead,1/17/2022,successful,demo_not_attended
2052,JNR1016MG,USR1312,awareness,1/17/2022,successful,post_demo_followup
2053,JNR1016MG,USR1312,consideration,1/17/2022,successful,interested_for_conversion
2054,JNR1016MG,USR1312,consideration,1/17/2022,successful,followup_for_conversion
2055,JNR1016MG,USR1312,consideration,1/17/2022,successful,followup_for_conversion
2056,JNR1016MG,USR1312,conversion,1/18/2022,successful,successful_conversion
2057,JNR1016MG,USR1313,lead,1/17/2022,unsuccessful,lead_introduction
2058,JNR1016MG,USR1313,lead,1/18/2022,successful,lead_introduction
2059,JNR1016MG,USR1313,lead,1/19/2022,unsuccessful,demo_schedule
2060,JNR1016MG,USR1313,lead,1/20/2022,successful,demo_schedule
2061,JNR1016MG,USR1313,lead,1/21/2022,successful,demo_not_attended
2062,JNR1016MG,USR1313,lead,1/21/2022,successful,demo_not_attended
2063,JNR1016MG,USR1313,awareness,1/21/2022,successful,post_demo_followup
2064,JNR1016MG,USR1313,consideration,1/21/2022,successful,interested_for_conversion
2065,JNR1016MG,USR1313,conversion,1/21/2022,successful,successful_conversion
2066,JNR1016MG,USR1314,lead,1/17/2022,successful,lead_introduction
2067,JNR1016MG,USR1314,lead,1/19/2022,successful,demo_schedule
2068,JNR1016MG,USR1314,lead,1/19/2022,successful,demo_not_attended
2069,JNR1016MG,USR1314,lead,1/19/2022,successful,demo_not_attended
2070,JNR1016MG,USR1314,awareness,1/19/2022,successful,post_demo_followup
2071,JNR1016MG,USR1314,consideration,1/19/2022,successful,interested_for_conversion
2072,JNR1016MG,USR1314,consideration,1/19/2022,unsuccessful,followup_for_conversion
2073,JNR1016MG,USR1314,consideration,1/19/2022,successful,followup_for_conversion
2074,JNR1016MG,USR1314,conversion,1/20/2022,successful,successful_conversion
2075,JNR1016MG,USR1315,lead,1/15/2022,unsuccessful,lead_introduction
2076,JNR1016MG,USR1315,lead,1/16/2022,successful,lead_introduction
2077,JNR1016MG,USR1315,lead,1/17/2022,successful,demo_schedule
2078,JNR1016MG,USR1315,lead,1/18/2022,successful,demo_not_attended
2079,JNR1016MG,USR1315,lead,1/18/2022,successful,demo_not_attended
2080,JNR1016MG,USR1315,lead,1/18/2022,successful,demo_not_attended
2081,JNR1016MG,USR1315,awareness,1/18/2022,successful,post_demo_followup
2082,JNR1016MG,USR1316,lead,2/21/2022,successful,lead_introduction
2083,JNR1016MG,USR1316,lead,2/22/2022,successful,demo_schedule
2084,JNR1016MG,USR1316,lead,2/22/2022,successful,demo_not_attended
2085,JNR1016MG,USR1316,lead,2/22/2022,successful,demo_not_attended
2086,JNR1016MG,USR1316,lead,2/22/2022,unsuccessful,demo_not_attended
2087,JNR1016MG,USR1316,lead,2/22/2022,successful,demo_not_attended
2088,JNR1016MG,USR1317,lead,2/22/2022,successful,lead_introduction
2089,JNR1016MG,USR1317,lead,2/24/2022,successful,demo_schedule
2090,JNR1016MG,USR1317,lead,2/25/2022,successful,demo_not_attended
2091,JNR1016MG,USR1317,lead,2/25/2022,successful,demo_not_attended
2092,JNR1016MG,USR1317,lead,2/25/2022,unsuccessful,demo_not_attended
2093,JNR1016MG,USR1317,lead,2/25/2022,successful,demo_not_attended
2094,JNR1016MG,USR1317,awareness,2/25/2022,successful,post_demo_followup
2095,JNR1016MG,USR1317,consideration,2/25/2022,successful,followup_for_conversion
2096,JNR1016MG,USR1317,consideration,2/25/2022,successful,interested_for_conversion
2097,JNR1016MG,USR1317,conversion,2/26/2022,successful,successful_conversion
2098,JNR1016MG,USR1318,lead,2/23/2022,unsuccessful,lead_introduction
2099,JNR1016MG,USR1318,lead,2/24/2022,successful,lead_introduction
2100,JNR1016MG,USR1318,lead,2/24/2022,successful,demo_schedule
2101,JNR1016MG,USR1318,lead,2/25/2022,successful,demo_not_attended
2102,JNR1016MG,USR1318,lead,2/25/2022,successful,demo_not_attended
2103,JNR1016MG,USR1318,lead,2/25/2022,successful,demo_not_attended
2104,JNR1016MG,USR1318,awareness,2/25/2022,successful,post_demo_followup
2105,JNR1016MG,USR1319,lead,2/25/2022,successful,lead_introduction
2106,JNR1016MG,USR1319,lead,2/27/2022,successful,demo_schedule
2107,JNR1016MG,USR1319,lead,2/28/2022,successful,demo_not_attended
2108,JNR1016MG,USR1319,awareness,2/28/2022,successful,post_demo_followup
2109,JNR1016MG,USR1320,lead,2/26/2022,unsuccessful,lead_introduction
2110,JNR1016MG,USR1320,lead,2/27/2022,successful,lead_introduction
2111,JNR1016MG,USR1320,lead,2/28/2022,successful,demo_schedule
2112,JNR1016MG,USR1320,lead,2/28/2022,successful,demo_not_attended
2113,JNR1001MG,USR1321,lead,2/24/2022,unsuccessful,lead_introduction
2114,JNR1001MG,USR1321,lead,2/25/2022,unsuccessful,lead_introduction
2115,JNR1001MG,USR1321,lead,2/26/2022,unsuccessful,lead_introduction
2116,JNR1001MG,USR1321,lead,2/27/2022,unsuccessful,lead_introduction
2117,JNR1012MG,USR1322,lead,1/15/2022,unsuccessful,lead_introduction
2118,JNR1010MG,USR1323,lead,1/8/2022,unsuccessful,lead_introduction
2119,JNR1010MG,USR1323,lead,1/9/2022,successful,lead_introduction
2120,JNR1010MG,USR1323,lead,1/10/2022,unsuccessful,demo_schedule
2121,JNR1010MG,USR1323,lead,1/11/2022,unsuccessful,demo_schedule
2122,JNR1010MG,USR1323,lead,1/9/2022,unsuccessful,demo_schedule
2123,JNR1015MG,USR1324,lead,1/1/2022,successful,lead_introduction
2124,JNR1015MG,USR1324,lead,1/3/2022,unsuccessful,demo_schedule
2125,JNR1015MG,USR1324,lead,1/2/2022,unsuccessful,demo_schedule
2126,JNR1015MG,USR1324,lead,1/2/2022,unsuccessful,demo_schedule
2127,JNR1001MG,USR1325,lead,1/1/2022,unsuccessful,lead_introduction
2128,JNR1001MG,USR1325,lead,1/1/2022,unsuccessful,lead_introduction
2129,JNR1001MG,USR1325,lead,1/15/2022,unsuccessful,lead_introduction
2130,JNR1001MG,USR1326,lead,1/16/2022,unsuccessful,lead_introduction
2131,JNR1001MG,USR1327,lead,1/15/2022,unsuccessful,lead_introduction
2132,JNR1016MG,USR1328,lead,2/19/2022,unsuccessful,lead_introduction
2133,JNR1016MG,USR1329,lead,1/8/2022,unsuccessful,lead_introduction
2134,JNR1016MG,USR1329,lead,1/9/2022,successful,lead_introduction
2135,JNR1016MG,USR1330,lead,1/12/2022,unsuccessful,lead_introduction
2136,JNR1016MG,USR1330,lead,1/13/2022,successful,lead_introduction
2137,JNR1016MG,USR1331,lead,1/22/2022,unsuccessful,lead_introduction
2138,JNR1016MG,USR1331,lead,1/23/2022,successful,lead_introduction
2139,JNR1016MG,USR1331,lead,1/25/2022,unsuccessful,demo_schedule
2140,JNR1016MG,USR1332,lead,2/21/2022,unsuccessful,lead_introduction
2141,JNR1016MG,USR1332,lead,2/23/2022,successful,lead_introduction
2142,JNR1016MG,USR1332,lead,2/25/2022,unsuccessful,demo_schedule
2143,JNR1016MG,USR1333,lead,1/8/2022,unsuccessful,lead_introduction
2144,JNR1016MG,USR1333,lead,1/9/2022,successful,lead_introduction
2145,JNR1016MG,USR1333,lead,1/10/2022,unsuccessful,demo_schedule
2146,JNR1016MG,USR1334,lead,1/12/2022,unsuccessful,lead_introduction
2147,JNR1016MG,USR1334,lead,1/13/2022,successful,lead_introduction
2148,JNR1016MG,USR1334,lead,1/14/2022,unsuccessful,demo_schedule
2149,JNR1011MG,USR1335,lead,1/5/2022,unsuccessful,lead_introduction
2150,JNR1011MG,USR1335,lead,1/7/2022,successful,lead_introduction
2151,JNR1011MG,USR1335,lead,1/9/2022,successful,demo_schedule
2152,JNR1011MG,USR1335,lead,1/9/2022,successful,demo_not_attended
2153,JNR1011MG,USR1335,lead,1/9/2022,successful,demo_not_attended
2154,JNR1011MG,USR1335,lead,1/9/2022,unsuccessful,demo_not_attended
2155,JNR1011MG,USR1336,lead,1/1/2022,unsuccessful,lead_introduction
2156,JNR1011MG,USR1337,lead,1/8/2022,unsuccessful,lead_introduction
2157,JNR1011MG,USR1338,lead,1/12/2022,unsuccessful,lead_introduction
2158,JNR1011MG,USR1339,lead,1/2/2022,unsuccessful,lead_introduction
2159,JNR1011MG,USR1340,lead,1/2/2022,unsuccessful,lead_introduction
2160,JNR1012MG,USR1341,lead,1/8/2022,unsuccessful,lead_introduction
2161,JNR1012MG,USR1342,lead,1/12/2022,unsuccessful,lead_introduction
2162,JNR1012MG,USR1343,lead,1/22/2022,successful,lead_introduction
2163,JNR1012MG,USR1343,lead,1/24/2022,successful,demo_schedule
2164,JNR1012MG,USR1343,lead,1/28/2022,unsuccessful,demo_not_attended
2165,JNR1012MG,USR1343,lead,1/28/2022,successful,demo_not_attended
2166,JNR1012MG,USR1343,awareness,1/28/2022,successful,post_demo_followup
2167,JNR1012MG,USR1343,consideration,1/28/2022,successful,interested_for_conversion
2168,JNR1012MG,USR1344,lead,2/21/2022,unsuccessful,lead_introduction
2169,JNR1012MG,USR1345,lead,1/8/2022,unsuccessful,lead_introduction
2170,JNR1012MG,USR1346,lead,1/12/2022,unsuccessful,lead_introduction
2171,JNR1012MG,USR1347,lead,1/22/2022,unsuccessful,lead_introduction
2172,JNR1012MG,USR1348,lead,2/21/2022,successful,lead_introduction
2173,JNR1012MG,USR1348,lead,2/22/2022,successful,demo_schedule
2174,JNR1012MG,USR1348,lead,2/28/2022,unsuccessful,demo_not_attended
2175,JNR1012MG,USR1348,lead,2/28/2022,successful,demo_not_attended
2176,JNR1012MG,USR1348,awareness,2/28/2022,successful,post_demo_followup
2177,JNR1012MG,USR1348,awareness,2/28/2022,successful,followup_for_consideration
2178,JNR1012MG,USR1348,consideration,2/28/2022,successful,followup_for_conversion
2179,JNR1012MG,USR1348,consideration,2/28/2022,successful,interested_for_conversion
2180,JNR1012MG,USR1349,lead,1/8/2022,unsuccessful,lead_introduction
2181,JNR1012MG,USR1350,lead,1/12/2022,unsuccessful,lead_introduction
2182,JNR1001MG,USR1351,lead,1/22/2022,unsuccessful,lead_introduction
2183,JNR1001MG,USR1352,lead,1/15/2022,unsuccessful,lead_introduction
2184,JNR1001MG,USR1353,lead,1/8/2022,unsuccessful,lead_introduction
2185,JNR1001MG,USR1354,lead,2/22/2022,unsuccessful,lead_introduction
2186,JNR1001MG,USR1355,lead,1/22/2022,unsuccessful,lead_introduction
2187,JNR1001MG,USR1356,lead,2/21/2022,unsuccessful,lead_introduction
2188,JNR1001MG,USR1357,lead,1/8/2022,unsuccessful,lead_introduction
2189,JNR1001MG,USR1358,lead,1/12/2022,unsuccessful,lead_introduction
2190,JNR1001MG,USR1359,lead,1/22/2022,unsuccessful,lead_introduction
2191,JNR1001MG,USR1360,lead,2/21/2022,unsuccessful,lead_introduction
